/*
 Navicat Premium Data Transfer

 Source Server         : localhost
 Source Server Type    : MySQL
 Source Server Version : 50717
 Source Host           : localhost:3306
 Source Schema         : guns

 Target Server Type    : MySQL
 Target Server Version : 50717
 File Encoding         : 65001

 Date: 12/03/2019 23:37:35
*/

SET NAMES utf8mb4;
SET FOREIGN_KEY_CHECKS = 0;

-- ----------------------------
-- Table structure for sys_attachment
-- ----------------------------
DROP TABLE IF EXISTS `sys_attachment`;
CREATE TABLE `sys_attachment`  (
  `ATTACHMENT_ID` bigint(20) NOT NULL AUTO_INCREMENT COMMENT '主键id',
  `FOLDER_ID` bigint(20) NULL DEFAULT NULL COMMENT '分类id',
  `NAME` varchar(255) CHARACTER SET utf8 COLLATE utf8_general_ci NULL DEFAULT NULL COMMENT '附件名称',
  `DESCRIPTION` varchar(255) CHARACTER SET utf8 COLLATE utf8_general_ci NULL DEFAULT NULL COMMENT '提示',
  `STATUS` varchar(255) CHARACTER SET utf8 COLLATE utf8_general_ci NULL DEFAULT NULL,
  `SORT` int(11) NULL DEFAULT NULL COMMENT '序号',
  `VERSION` int(11) NULL DEFAULT NULL COMMENT '乐观锁',
  `CREATE_TIME` datetime(0) NULL DEFAULT NULL COMMENT '创建时间',
  `UPDATE_TIME` datetime(0) NULL DEFAULT NULL COMMENT '修改时间',
  `CREATE_USER` bigint(20) NULL DEFAULT NULL COMMENT '创建用户',
  `UPDATE_USER` bigint(20) NULL DEFAULT NULL COMMENT '修改用户',
  PRIMARY KEY (`ATTACHMENT_ID`) USING BTREE
) ENGINE = InnoDB AUTO_INCREMENT = 6 CHARACTER SET = utf8 COLLATE = utf8_general_ci COMMENT = '角色表' ROW_FORMAT = Dynamic;

-- ----------------------------
-- Table structure for sys_dept
-- ----------------------------
DROP TABLE IF EXISTS `sys_dept`;
CREATE TABLE `sys_dept`  (
  `DEPT_ID` bigint(20) NOT NULL AUTO_INCREMENT COMMENT '主键id',
  `PID` bigint(20) NULL DEFAULT NULL COMMENT '父部门id',
  `PIDS` varchar(512) CHARACTER SET utf8 COLLATE utf8_general_ci NULL DEFAULT NULL COMMENT '父级ids',
  `SIMPLE_NAME` varchar(45) CHARACTER SET utf8 COLLATE utf8_general_ci NULL DEFAULT NULL COMMENT '简称',
  `FULL_NAME` varchar(255) CHARACTER SET utf8 COLLATE utf8_general_ci NULL DEFAULT NULL COMMENT '全称',
  `DESCRIPTION` varchar(255) CHARACTER SET utf8 COLLATE utf8_general_ci NULL DEFAULT NULL COMMENT '描述',
  `VERSION` int(11) NULL DEFAULT NULL COMMENT '版本（乐观锁保留字段）',
  `SORT` int(11) NULL DEFAULT NULL COMMENT '排序',
  `CREATE_TIME` datetime(0) NULL DEFAULT NULL COMMENT '创建时间',
  `UPDATE_TIME` datetime(0) NULL DEFAULT NULL COMMENT '修改时间',
  `CREATE_USER` bigint(20) NULL DEFAULT NULL COMMENT '创建人',
  `UPDATE_USER` bigint(20) NULL DEFAULT NULL COMMENT '修改人',
  PRIMARY KEY (`DEPT_ID`) USING BTREE
) ENGINE = InnoDB AUTO_INCREMENT = 28 CHARACTER SET = utf8 COLLATE = utf8_general_ci COMMENT = '部门表' ROW_FORMAT = Dynamic;

-- ----------------------------
-- Records of sys_dept
-- ----------------------------
INSERT INTO `sys_dept` VALUES (24, 0, '[0],', '总公司', '总公司', '', NULL, 1, NULL, NULL, NULL, NULL);
INSERT INTO `sys_dept` VALUES (25, 24, '[0],[24],', '开发部', '开发部', '', NULL, 2, NULL, NULL, NULL, NULL);
INSERT INTO `sys_dept` VALUES (26, 24, '[0],[24],', '运营部', '运营部', '', NULL, 3, NULL, NULL, NULL, NULL);
INSERT INTO `sys_dept` VALUES (27, 24, '[0],[24],', '战略部', '战略部', '', NULL, 4, NULL, NULL, NULL, NULL);

-- ----------------------------
-- Table structure for sys_dict
-- ----------------------------
DROP TABLE IF EXISTS `sys_dict`;
CREATE TABLE `sys_dict`  (
  `DICT_ID` bigint(20) UNSIGNED NOT NULL AUTO_INCREMENT COMMENT '主键id',
  `PID` bigint(20) NULL DEFAULT NULL COMMENT '父级字典id',
  `NAME` varchar(255) CHARACTER SET utf8 COLLATE utf8_general_ci NULL DEFAULT NULL COMMENT '字典名称',
  `CODE` varchar(255) CHARACTER SET utf8 COLLATE utf8_general_ci NULL DEFAULT NULL COMMENT '字典的编码',
  `DESCRIPTION` varchar(255) CHARACTER SET utf8 COLLATE utf8_general_ci NULL DEFAULT NULL COMMENT '字典描述',
  `SORT` int(11) NULL DEFAULT NULL COMMENT '排序',
  `CREATE_TIME` datetime(0) NULL DEFAULT NULL COMMENT '创建时间',
  `UPDATE_TIME` datetime(0) NULL DEFAULT NULL COMMENT '修改时间',
  `CREATE_USER` bigint(20) NULL DEFAULT NULL COMMENT '创建人',
  `UPDATE_USER` bigint(20) NULL DEFAULT NULL COMMENT '修改人',
  PRIMARY KEY (`DICT_ID`) USING BTREE
) ENGINE = InnoDB AUTO_INCREMENT = 1071611686130278403 CHARACTER SET = utf8 COLLATE = utf8_general_ci COMMENT = '字典表' ROW_FORMAT = Dynamic;

-- ----------------------------
-- Records of sys_dict
-- ----------------------------
INSERT INTO `sys_dict` VALUES (50, 0, '性别', 'SEX', '', 0, NULL, NULL, NULL, NULL);
INSERT INTO `sys_dict` VALUES (51, 50, '男', 'M', NULL, 1, NULL, NULL, NULL, NULL);
INSERT INTO `sys_dict` VALUES (52, 50, '女', 'F', NULL, 2, NULL, NULL, NULL, NULL);
INSERT INTO `sys_dict` VALUES (53, 0, '状态', 'STATUS', '', 0, NULL, NULL, NULL, NULL);
INSERT INTO `sys_dict` VALUES (54, 53, '启用', 'ENABLE', NULL, 1, NULL, NULL, NULL, NULL);
INSERT INTO `sys_dict` VALUES (55, 53, '禁用', 'DISABLE', NULL, 2, NULL, NULL, NULL, NULL);
INSERT INTO `sys_dict` VALUES (56, 0, '账号状态', 'ACCOUNT_STATUS', '', 0, NULL, NULL, NULL, NULL);
INSERT INTO `sys_dict` VALUES (57, 56, '启用', 'ENABLE', NULL, 1, NULL, NULL, NULL, NULL);
INSERT INTO `sys_dict` VALUES (58, 56, '冻结', 'FREEZE', NULL, 2, NULL, NULL, NULL, NULL);
INSERT INTO `sys_dict` VALUES (59, 56, '已删除', 'DELETED', NULL, 3, NULL, NULL, NULL, NULL);
INSERT INTO `sys_dict` VALUES (1071611355157749761, 0, '是否删除', 'DEL_FLAG', '用于数据库中是否删除的标记', NULL, '2018-12-09 11:43:51', NULL, 1, NULL);
INSERT INTO `sys_dict` VALUES (1071611420735692802, 1071611355157749761, '已经删除', 'Y', '', NULL, '2018-12-09 11:44:07', NULL, 1, NULL);
INSERT INTO `sys_dict` VALUES (1071611458312462337, 1071611355157749761, '未删除', 'N', '', NULL, '2018-12-09 11:44:16', NULL, 1, NULL);

-- ----------------------------
-- Table structure for sys_file_info
-- ----------------------------
DROP TABLE IF EXISTS `sys_file_info`;
CREATE TABLE `sys_file_info`  (
  `FILE_ID` varchar(50) CHARACTER SET utf8 COLLATE utf8_general_ci NOT NULL COMMENT '主键id',
  `FILE_DATA` text CHARACTER SET utf8 COLLATE utf8_general_ci NULL COMMENT 'base64编码的文件',
  `CREATE_TIME` datetime(0) NULL DEFAULT NULL COMMENT '创建时间',
  `UPDATE_TIME` datetime(0) NULL DEFAULT NULL COMMENT '修改时间',
  `CREATE_USER` bigint(20) NULL DEFAULT NULL COMMENT '创建用户',
  `UPDATE_USER` bigint(20) NULL DEFAULT NULL COMMENT '修改用户',
  PRIMARY KEY (`FILE_ID`) USING BTREE
) ENGINE = InnoDB CHARACTER SET = utf8 COLLATE = utf8_general_ci COMMENT = '文件信息表\r\n' ROW_FORMAT = Dynamic;

-- ----------------------------
-- Records of sys_file_info
-- ----------------------------
INSERT INTO `sys_file_info` VALUES ('1', '/9j/4AAQSkZJRgABAQAAAQABAAD/2wBDAAMCAgICAgMCAgIDAwMDBAYEBAQEBAgGBgUGCQgKCgkICQkKDA8MCgsOCwkJDRENDg8QEBEQCgwSExIQEw8QEBD/2wBDAQMDAwQDBAgEBAgQCwkLEBAQEBAQEBAQEBAQEBAQEBAQEBAQEBAQEBAQEBAQEBAQEBAQEBAQEBAQEBAQEBAQEBD/wAARCABjAGQDASIAAhEBAxEB/8QAHAAAAgIDAQEAAAAAAAAAAAAAAAkHCAUGCgQD/8QAPBAAAQMDAgMGBAQEBAcAAAAAAQIDBAUGEQAHCBIhCRMUMUFhIjJRcSNygZEVFiRCF0OCoRhSYnODosH/xAAXAQEBAQEAAAAAAAAAAAAAAAAAAQID/8QAGhEBAQEBAQEBAAAAAAAAAAAAAAECEQMxIf/aAAwDAQACEQMRAD8Aahozo0aA0Z0aXp2jXaFyNmi/sxs1UWzd77eKnU0YUKYhQ+RHp3pHr6aCynETxqbC8NENxF9XQmXW+TmaodN5X5q/pzJyA2PdZHtnS79yu2m3cq0txna3bi37fg5IQ7UlOTpJHocgobH25T99LwrNaq1xVORWq7UpE+fLcLr8iQ4VuOLJySSepOdeLQWorfad8a1alKkDeBUBBJKWYdIhNoT7D8HJ/UnWWsrtVeMi05okVO+4FzR/WLVqTHKD/rZQhz/21Vm0rTrl73JS7Ut2EuTUKxOYp0ZABwXnlhCAT6ZJ/YH6ax9QgyaZOkU6Y2W34rqmXUn+1STgj9xoG88PnbH2Td0+Lbm/FoC1ZUhSWxWKatT0EKPq42rLjY9wV/ppiVAuCh3TR4twW3VotSps5oPRpUV0ONOoPkUqHQ65bghRSVhJKU+Zx0Grb8CfHXd3DPd0W2bknyalt/UnktzILiirwRUcd+zn5SPUeRGgfVo14aHW6XclGhXBRJjcuBUWESYz7ZylxtYykj9Dr3aA0aNGgNGjRoIY4vN94XDtsRcW4TjyE1BLBiUpsnq5LcBCAPt5/prnWr1drV316fcVdmuzajUX1yZL7qsqWtRySTpkfbJbk1m59xrR2OoKHnm6ZEVVZTDYzzvODKTj1AbGdLcpUXvIlRl5GI7KUn/WoJ/+6DKV2iQaZb1ux47KnatVkOTninr+EpXIygD65Q4T906sTuNwiVjafZzbmiVCiO1Ddfd+qpVApyUkqgU9tKcNY9HFuOslR/tSCPrqNrbtG8axvXT27M29n3q5ShBcbp0ZtZQ7iO2oJKkj4RzEn99NR4TNnOIq6t2Le3S4l7DplCh2LRZsa1ozK8uNPy3G+bnSpSlZShLnxE+a/YaDG8PHBLb2y+7G19nOMMzZ1pUGXeFyzwjIl1eQoRoqAT5NtJRL5B9cnzOl+do1sRK2Q4mLiEaGpqhXS8qt0tYThHK8eZxsfkWVJx9ANPmj2vCj3hPvJLqzLqFNiUxaD8qW47shxJHuTKXn7DUGcc/DRZHEZs3Oj3FITTarbrTs+l1QNlSmFhPxIUAMqQrABA9cY0CkNh9gf564O97N0DE7yRQn4HhFFPUBklbnKfcOgH7aqxpunCHUNrLJ4Ern2/uCtIfn1Ryqxqz3DSleBdWFCOZCcZbScIwojGlNv0sNfxEB4K8A73fTqFjnKcg6B3HZL7wPbj8NX8o1OWp6oWROVT/iVlXhnMra/wB+cfoNXb0oLsTrnksbpX9Z/OfDy6E3UOX0Ljb7aAf2cVpvvvoDRo0aA0aNGgpPxe8N1v09zdTidqUtM64pFuJpVvw8ZLSiyhohII6uFWSnl69dLr4LuFJO6+8dT2U3npdwWt46kCoJSuMWJJDSwsYDg8lAEZxpxXEFGqMabZ12Kos2rUW36i7JqDEOC5NcZcU3ysSfDt5W6ltWSQgFWD0+usNtDW27tuKZdFz1WDXajBQI8CqubfzaAthLhwWG5Etai9n1SjHvrOtcS1ru6tY254A+GStXTt3ZjClUeOxGjhQy9MlLUllpch3HMoBRST9ADgDVR+AHtCOIbeXiEgbUX8mn1umXNImTXJCGC0umttRXHAhvBx3fM2gYVk/EepyNMM3R27sveazKttjftNVOo1Ya7qQ2lRSpJB5krSofKpKgFA/UDUacL/A5slwsVipXHYLNWqFaqTJjKqFWkIedZjlQUWm+RCEpBKU5OCTgdcdNYz6S/Vubifqyml58fnaN35w27ntbT7b2zR5MpiLGnTZ89S18vP8AF3QbTjzQU/FzevlphQVkfTVE+O3s55PFFfcLcyyL2gUGt+FRCqDNRZcUxIQjohxKkAqSoJwnHLg4HUa6WyHWHodatLii2pjcXOz1sMUi96GlcW76I2gdzWIoH9VGeSBh08hUtCiM6VrfduRKLbFcuVmGqI3X7lej0+OtHKURGypw4HpyqKUHTxuDrhnp/CltaNvWbiFbqEuUqdUZga7pDjyhjCEEkhIAwCTk+2qubx9mvee/9yKDN6U60qNQnpqmFuw1yV1CZJe7x50JBRyN/KAokk9emszcqXsvKjbsTbOlv7i3/fpbV4SJR2qXzY6d668hwDP5WlabtqpHARswnhZodZ2EuhTLt1yH117+IxwTGqcLKW0qaJwrLZICkqAILgxkddW31tRo0dfro0Bo0ax1w3BSLVoVQuSvTW4dOpkdyVKfcOEttISVKJ/QaDR9/t/tveHLb+ZuDuFUwzHaBRFioIL81/GUtNp9SfU+QHU6Wzsnxkb68anE1JsRNbatm3KhSpjlLpTCOduM8wnvWXVL6KU5zJGVeWCQBjVVONvisuDii3Zm1gynmrWpLq4tCg83wIZBx3pHqteMk++rHdjBt09V94Lo3IeZ/pqBSvBsuY/z3iARn8mdDnTT7KueZWabCjXdTWaDcy0KEmluSW1rKkdFONcqiVtE9UnAOD1AOtxEVLjLjK88riShWFFJwfoR1Go+39f2updiSq3udbbFZiRFIEWL3IckPSVqCGm2PUOKWoJTgjqdR3QrCvanWiu4KZd192TKaZXINDZrCK7yJCeZLaPGoUkKIwOQAAHoDjrrnMSXqXt+tfq/CFdFzzFWjc1Yp0+2WHx4e4pkqVJryoOQUxcKUGkOpGUeKypak4PKF/HqzqYLcCGxCY5i3HbS0jmUVHlAwMk9SdRptVd12Jtar1u8LplV2LGfcciTX4LDCnYiEBQcSGEpSsKByCB19Omomj7k8Q+9VXm2pbF4WrZKnabFrrCI8BybJECSpYaZdf70JadIQSeVGRzApONXWewqeKjd1Dp12wLPiFU2uzh3yorPxGMwPN54/wCWj0Geqj5ZwdYS/wCl7J2RcMHcC6bHDlwLc5o1SptsyJ00rA8lORmVqA/OQNePYw2/bVQnWHVLRXb94JT4ua4/JVLVVk+XiUSl/G8M+YV8Sft114eOPu2uEzc6SVrbcj0CQ60tCyhSVpGUkEEHz1M+ci6t1e1mLJj3Df8AuendKp25PoNEpNKdpdHjVFAbly1vOIW5IW2CS0kBsJSlXxHmJIGBmXdUF7KPiur281jVPai/6y7UbitJtL0SVIXzOyIBIThRPVRQopGT1wofTV+tdCTg0aNGgNLn7YHiOesywKZsPbk4tVG6x4yqltWFJgoVhKD+daTn2SPrpjGueXj/AN0Ht1uKy+ayJPfQqbONIg4OU9xH/DBH35SfudBXbT1ezR2tZ2L4TWrvuNoQ5lx97XpqnBgoYSk90FfZIJ/XSiuE3ZSdv7vza+3kdlSoj8tMmorAyG4jZCnCfbGB+unj8QZbdoNrcPFpLMV27HG4TwZ6GLSGEgvr6eXwp5B7nQaq5eat9dwdk3n6c5Dpk5VRu4xXevOiKhSIqiPoVuMugfbUpbi7rWZtcIzN0TnVT5xIh02EwqRMk48yhpHXA+pwPfWm3HSptp757eVqiUB56lx7fq1Bjojt5Qw8W2nWUqx8qSI5SCfUgay+3Vnt7X2fXd9N2VJmXlNgPVitS1jm/h8ZCC4IbGfkbbQMHHzKCifPQaRS9sw2yKFb+/sy27PqIblxKA0qPHmRWnWkEMB1f4rafXl8xzEamPaTZCwNnaMKTZNIRFbXyqeeUsuvPqAwFOOK6qONQVYZi7v3nAt7f7ZO3o9Svi2l3NSahDe53BExH52HeoUh1sym083qUnHQDUn8OdyVCn0m4dqboqTsur7fVV2lB59WXpEA/iQ3lE+ZLC28q9SDoNqr1q1mp7xWzdSGWm6ZQaZNbLvP8br0gpTyY+iQgHP/AFajTtCHnGuD3cotkjno7iT9j56+m424FT3MviJtptvUH/A0SS3PumrwjzCO22eZMNtQ6KdWR1A8h99eHiwrNH3X4LNyqja8sTGV0KWlOEkKS610UhST1CgQcg6BOvAbvYNieJe1LpmyizSJz/8ACqoc/D4Z/wCAqP15SQr7jXQ6lSVpC0KBSoZBHkRrlfbcW04l1tRSpBCkkehGuibgX3dO9XC/ZN2ypPfVGLCFJqJKsq8RG/DJV7qQELP5tBPejRo0GubkVefQNu7or1KQVzabRZsuMkDJLrbC1IAH3A1zF1eZKqNVmT5ri3JEh9xx1SzlRUVEnOupV1tt5tTLyErQtJSpKhkKB8wRqnlydlJwk3HeRvBVEr0BLjyn3qXDqIRCcUTk5SpBWB18krGgiPsgeHRyy7Dqu/10wgxMuVHh6UXRgtwUE8znXy5j6+oA1ZnaN3/EzcG6t85SVLhuuKt+3Ob+2Cwr8V1I9O8dB6/ROsxv5U2tvtraVtTt3EbhVG53GrZoseOOUR2lJw44APIIbBOfqRrdLPtanWbbNKtKjNhEOlxm4rQAxnlHVR9yck+5Og2alxudRfUCAn5dRvxeyHovC1uu9HJCxZ9VSCPQGMsE/sTqWmGw00lCfQY1q27Vj/4l7XXbt4ZCWf5lok2lB1Q6Nl9lTYUfsVZ/TQRhY7LFb4oqs7FSDEsawaTR2voh6Y++64kf+OPGJ9iNbluDsBYO4lc/mipKq9Mqyo4ivy6RUXIbkpkZ5W3Sg/GBk4PmM9DrXOGPb/ca14NzXduzTodPue6p0Vx6HFlJkIYYiwmIrY7xPQ85ZcdwPLvQPMHU2kZ6aCP7Qsq2Nv6Oi3LSorFNgtEnu2h1Wo+a1qPxLUfVSiSdRNaNCjyqnv5tI+j+imITVI7H9oEyMsr5R+dI1PlQb7uUvHkeuogfUm1eKCizHE4h31b0ilOk9EmTGIdR+pb5hoOeOr052j1abSXx+JCkOR1/mQopP+400zsT90pDzN+7NzJHM2wlm4ILZPy9e5fOPcqY/bVAeK+xpO3HEduDaclotmPXJD6ARgcjyu9Tj2w4NWR7HVNW/wCKyS5AZdVEFtzUzlpB5UNlTfLzH/uBGgdzo0aNAaNGjQV9uUmp8XlKiT/x2aRZzkuC2r5WHnZBQ4tI/wCYpSBk+g1MkQAyG8j10aNBntGjRoDRo0aDEVjo+j3TqEOIImNV9rqmweSUxfNNabdHmlDiilwfZSeh0aNAsXtb6RTYvGAhUaIhsz6DAdklOR3iytxJUffAA/TTK+ArZnbDbHYyjV2xrPh0upXJFbkVWYlS3X5SwTjmW4pSgkdcJBCRkkDro0aCyujRo0H/2Q==', NULL, NULL, NULL, NULL);

-- ----------------------------
-- Table structure for sys_folder
-- ----------------------------
DROP TABLE IF EXISTS `sys_folder`;
CREATE TABLE `sys_folder`  (
  `FOLDER_ID` bigint(20) NOT NULL AUTO_INCREMENT COMMENT '主键id',
  `PID` bigint(20) NULL DEFAULT NULL COMMENT '父目录id',
  `PIDS` varchar(512) CHARACTER SET utf8 COLLATE utf8_general_ci NULL DEFAULT NULL COMMENT '父级ids',
  `NAME` varchar(255) CHARACTER SET utf8 COLLATE utf8_general_ci NULL DEFAULT NULL COMMENT '全称',
  `PATH` varchar(255) CHARACTER SET utf8 COLLATE utf8_general_ci NOT NULL COMMENT '层级路径',
  `DESCRIPTION` varchar(255) CHARACTER SET utf8 COLLATE utf8_general_ci NULL DEFAULT NULL COMMENT '描述',
  `VERSION` int(11) NULL DEFAULT NULL COMMENT '版本（乐观锁保留字段）',
  `SORT` int(11) NULL DEFAULT NULL COMMENT '排序',
  `CREATE_TIME` datetime(0) NULL DEFAULT NULL COMMENT '创建时间',
  `UPDATE_TIME` datetime(0) NULL DEFAULT NULL COMMENT '修改时间',
  `CREATE_USER` bigint(20) NULL DEFAULT NULL COMMENT '创建人',
  `UPDATE_USER` bigint(20) NULL DEFAULT NULL COMMENT '修改人',
  PRIMARY KEY (`FOLDER_ID`) USING BTREE,
  UNIQUE INDEX `PATH`(`PATH`) USING BTREE
) ENGINE = InnoDB AUTO_INCREMENT = 1105489363506049026 CHARACTER SET = utf8 COLLATE = utf8_general_ci COMMENT = '部门表' ROW_FORMAT = Dynamic;

-- ----------------------------
-- Records of sys_folder
-- ----------------------------
INSERT INTO `sys_folder` VALUES (1105478123694084098, 0, '[0],', 'Office目录', '/office', 'Office文件', NULL, 1, '2019-03-12 22:38:18', NULL, 1, NULL);
INSERT INTO `sys_folder` VALUES (1105487182191144961, 1105478123694084098, '[0],[1105478123694084098],', 'Word文档', '/office/word', 'Word文档', NULL, 1, '2019-03-12 23:14:18', NULL, 1, NULL);
INSERT INTO `sys_folder` VALUES (1105489363506049025, 1105487182191144961, '[0],[1105478123694084098],[1105487182191144961],', 'docx文档', '/office/word/doc', 'Word文档', NULL, 1, '2019-03-12 23:22:58', NULL, 1, NULL);

-- ----------------------------
-- Table structure for sys_login_log
-- ----------------------------
DROP TABLE IF EXISTS `sys_login_log`;
CREATE TABLE `sys_login_log`  (
  `LOGIN_LOG_ID` bigint(20) NOT NULL AUTO_INCREMENT COMMENT '主键',
  `LOG_NAME` varchar(255) CHARACTER SET utf8 COLLATE utf8_general_ci NULL DEFAULT NULL COMMENT '日志名称',
  `USER_ID` bigint(20) NULL DEFAULT NULL COMMENT '管理员id',
  `CREATE_TIME` datetime(0) NULL DEFAULT NULL COMMENT '创建时间',
  `SUCCEED` varchar(255) CHARACTER SET utf8 COLLATE utf8_general_ci NULL DEFAULT NULL COMMENT '是否执行成功',
  `MESSAGE` text CHARACTER SET utf8 COLLATE utf8_general_ci NULL COMMENT '具体消息',
  `IP_ADDRESS` varchar(255) CHARACTER SET utf8 COLLATE utf8_general_ci NULL DEFAULT NULL COMMENT '登录ip',
  PRIMARY KEY (`LOGIN_LOG_ID`) USING BTREE
) ENGINE = InnoDB AUTO_INCREMENT = 1105484436654272514 CHARACTER SET = utf8 COLLATE = utf8_general_ci COMMENT = '登录记录' ROW_FORMAT = Dynamic;

-- ----------------------------
-- Records of sys_login_log
-- ----------------------------
INSERT INTO `sys_login_log` VALUES (1102891838894874625, '登录日志', 1, '2019-03-05 19:21:19', '成功', NULL, '0:0:0:0:0:0:0:1');
INSERT INTO `sys_login_log` VALUES (1105102496218509313, '登录日志', 1, '2019-03-11 21:45:41', '成功', NULL, '0:0:0:0:0:0:0:1');
INSERT INTO `sys_login_log` VALUES (1105107030571511810, '退出日志', 1, '2019-03-11 22:03:43', '成功', NULL, '0:0:0:0:0:0:0:1');
INSERT INTO `sys_login_log` VALUES (1105107053359165442, '登录日志', 1, '2019-03-11 22:03:48', '成功', NULL, '0:0:0:0:0:0:0:1');
INSERT INTO `sys_login_log` VALUES (1105459992657436674, '登录失败日志', NULL, '2019-03-12 21:26:15', '成功', '账号:hand,账号密码错误', '0:0:0:0:0:0:0:1');
INSERT INTO `sys_login_log` VALUES (1105460026723573761, '登录日志', 1, '2019-03-12 21:26:23', '成功', NULL, '0:0:0:0:0:0:0:1');
INSERT INTO `sys_login_log` VALUES (1105471921945845762, '登录日志', 1, '2019-03-12 22:13:39', '成功', NULL, '0:0:0:0:0:0:0:1');
INSERT INTO `sys_login_log` VALUES (1105473411225804802, '登录日志', 1, '2019-03-12 22:19:34', '成功', NULL, '0:0:0:0:0:0:0:1');
INSERT INTO `sys_login_log` VALUES (1105474962103226369, '登录日志', 1, '2019-03-12 22:25:44', '成功', NULL, '0:0:0:0:0:0:0:1');
INSERT INTO `sys_login_log` VALUES (1105479971654098945, '登录日志', 1, '2019-03-12 22:45:38', '成功', NULL, '0:0:0:0:0:0:0:1');
INSERT INTO `sys_login_log` VALUES (1105484436654272513, '登录日志', 1, '2019-03-12 23:03:23', '成功', NULL, '0:0:0:0:0:0:0:1');

-- ----------------------------
-- Table structure for sys_menu
-- ----------------------------
DROP TABLE IF EXISTS `sys_menu`;
CREATE TABLE `sys_menu`  (
  `MENU_ID` bigint(20) NOT NULL AUTO_INCREMENT COMMENT '主键id',
  `CODE` varchar(255) CHARACTER SET utf8 COLLATE utf8_general_ci NULL DEFAULT NULL COMMENT '菜单编号',
  `PCODE` varchar(255) CHARACTER SET utf8 COLLATE utf8_general_ci NULL DEFAULT NULL COMMENT '菜单父编号',
  `PCODES` varchar(255) CHARACTER SET utf8 COLLATE utf8_general_ci NULL DEFAULT NULL COMMENT '当前菜单的所有父菜单编号',
  `NAME` varchar(255) CHARACTER SET utf8 COLLATE utf8_general_ci NULL DEFAULT NULL COMMENT '菜单名称',
  `ICON` varchar(255) CHARACTER SET utf8 COLLATE utf8_general_ci NULL DEFAULT NULL COMMENT '菜单图标',
  `URL` varchar(255) CHARACTER SET utf8 COLLATE utf8_general_ci NULL DEFAULT NULL COMMENT 'url地址',
  `SORT` int(65) NULL DEFAULT NULL COMMENT '菜单排序号',
  `LEVELS` int(65) NULL DEFAULT NULL COMMENT '菜单层级',
  `MENU_FLAG` varchar(32) CHARACTER SET utf8 COLLATE utf8_general_ci NULL DEFAULT NULL COMMENT '是否是菜单(字典)',
  `DESCRIPTION` varchar(255) CHARACTER SET utf8 COLLATE utf8_general_ci NULL DEFAULT NULL COMMENT '备注',
  `STATUS` varchar(32) CHARACTER SET utf8 COLLATE utf8_general_ci NULL DEFAULT 'ENABLE' COMMENT '菜单状态(字典)',
  `NEW_PAGE_FLAG` varchar(32) CHARACTER SET utf8 COLLATE utf8_general_ci NULL DEFAULT NULL COMMENT '是否打开新页面的标识(字典)',
  `OPEN_FLAG` varchar(32) CHARACTER SET utf8 COLLATE utf8_general_ci NULL DEFAULT NULL COMMENT '是否打开(字典)',
  `CREATE_TIME` datetime(0) NULL DEFAULT NULL COMMENT '创建时间',
  `UPDATE_TIME` datetime(0) NULL DEFAULT NULL COMMENT '修改时间',
  `CREATE_USER` bigint(20) NULL DEFAULT NULL COMMENT '创建人',
  `UPDATE_USER` bigint(20) NULL DEFAULT NULL COMMENT '修改人',
  PRIMARY KEY (`MENU_ID`) USING BTREE
) ENGINE = InnoDB AUTO_INCREMENT = 1105106975676461059 CHARACTER SET = utf8 COLLATE = utf8_general_ci COMMENT = '菜单表' ROW_FORMAT = Dynamic;

-- ----------------------------
-- Records of sys_menu
-- ----------------------------
INSERT INTO `sys_menu` VALUES (105, 'system', '0', '[0],', '系统管理', 'layui-icon layui-icon-username', '#', 30, 1, 'Y', NULL, 'ENABLE', NULL, '1', NULL, '2019-02-11 15:49:05', NULL, 1);
INSERT INTO `sys_menu` VALUES (106, 'mgr', 'system', '[0],[system],', '用户管理', '', '/mgr', 1, 2, 'Y', NULL, 'ENABLE', NULL, '0', NULL, NULL, NULL, NULL);
INSERT INTO `sys_menu` VALUES (107, 'mgr_add', 'mgr', '[0],[system],[mgr],', '添加用户', NULL, '/mgr/add', 1, 3, 'N', NULL, 'ENABLE', NULL, '0', NULL, NULL, NULL, NULL);
INSERT INTO `sys_menu` VALUES (108, 'mgr_edit', 'mgr', '[0],[system],[mgr],', '修改用户', NULL, '/mgr/edit', 2, 3, 'N', NULL, 'ENABLE', NULL, '0', NULL, NULL, NULL, NULL);
INSERT INTO `sys_menu` VALUES (109, 'mgr_delete', 'mgr', '[0],[system],[mgr],', '删除用户', NULL, '/mgr/delete', 3, 3, 'N', NULL, 'ENABLE', NULL, '0', NULL, NULL, NULL, NULL);
INSERT INTO `sys_menu` VALUES (110, 'mgr_reset', 'mgr', '[0],[system],[mgr],', '重置密码', NULL, '/mgr/reset', 4, 3, 'N', NULL, 'ENABLE', NULL, '0', NULL, NULL, NULL, NULL);
INSERT INTO `sys_menu` VALUES (111, 'mgr_freeze', 'mgr', '[0],[system],[mgr],', '冻结用户', NULL, '/mgr/freeze', 5, 3, 'N', NULL, 'ENABLE', NULL, '0', NULL, NULL, NULL, NULL);
INSERT INTO `sys_menu` VALUES (112, 'mgr_unfreeze', 'mgr', '[0],[system],[mgr],', '解除冻结用户', NULL, '/mgr/unfreeze', 6, 3, 'N', NULL, 'ENABLE', NULL, '0', NULL, NULL, NULL, NULL);
INSERT INTO `sys_menu` VALUES (113, 'mgr_setRole', 'mgr', '[0],[system],[mgr],', '分配角色', NULL, '/mgr/setRole', 7, 3, 'N', NULL, 'ENABLE', NULL, '0', NULL, NULL, NULL, NULL);
INSERT INTO `sys_menu` VALUES (114, 'role', 'system', '[0],[system],', '角色管理', NULL, '/role', 2, 2, 'Y', NULL, 'ENABLE', NULL, '0', NULL, NULL, NULL, NULL);
INSERT INTO `sys_menu` VALUES (115, 'role_add', 'role', '[0],[system],[role],', '添加角色', NULL, '/role/add', 1, 3, 'N', NULL, 'ENABLE', NULL, '0', NULL, NULL, NULL, NULL);
INSERT INTO `sys_menu` VALUES (116, 'role_edit', 'role', '[0],[system],[role],', '修改角色', NULL, '/role/edit', 2, 3, 'N', NULL, 'ENABLE', NULL, '0', NULL, NULL, NULL, NULL);
INSERT INTO `sys_menu` VALUES (117, 'role_remove', 'role', '[0],[system],[role],', '删除角色', NULL, '/role/remove', 3, 3, 'N', NULL, 'ENABLE', NULL, '0', NULL, NULL, NULL, NULL);
INSERT INTO `sys_menu` VALUES (118, 'role_setAuthority', 'role', '[0],[system],[role],', '配置权限', NULL, '/role/setAuthority', 4, 3, 'N', NULL, 'ENABLE', NULL, '0', NULL, NULL, NULL, NULL);
INSERT INTO `sys_menu` VALUES (119, 'menu', 'system', '[0],[system],', '菜单管理', NULL, '/menu', 4, 2, 'Y', NULL, 'ENABLE', NULL, '0', NULL, NULL, NULL, NULL);
INSERT INTO `sys_menu` VALUES (120, 'menu_add', 'menu', '[0],[system],[menu],', '添加菜单', NULL, '/menu/add', 1, 3, 'N', NULL, 'ENABLE', NULL, '0', NULL, NULL, NULL, NULL);
INSERT INTO `sys_menu` VALUES (121, 'menu_edit', 'menu', '[0],[system],[menu],', '修改菜单', NULL, '/menu/edit', 2, 3, 'N', NULL, 'ENABLE', NULL, '0', NULL, NULL, NULL, NULL);
INSERT INTO `sys_menu` VALUES (122, 'menu_remove', 'menu', '[0],[system],[menu],', '删除菜单', NULL, '/menu/remove', 3, 3, 'N', NULL, 'ENABLE', NULL, '0', NULL, NULL, NULL, NULL);
INSERT INTO `sys_menu` VALUES (128, 'log', 'system', '[0],[system],', '业务日志', NULL, '/log', 6, 2, 'Y', NULL, 'ENABLE', NULL, '0', NULL, NULL, NULL, NULL);
INSERT INTO `sys_menu` VALUES (130, 'druid', 'system', '[0],[system],', '监控管理', NULL, '/druid', 7, 2, 'Y', NULL, 'ENABLE', NULL, NULL, NULL, NULL, NULL, NULL);
INSERT INTO `sys_menu` VALUES (131, 'dept', 'system', '[0],[system],', '部门管理', NULL, '/dept', 3, 2, 'Y', NULL, 'ENABLE', NULL, NULL, NULL, NULL, NULL, NULL);
INSERT INTO `sys_menu` VALUES (132, 'dict', 'system', '[0],[system],', '字典管理', NULL, '/dict', 4, 2, 'Y', NULL, 'ENABLE', NULL, NULL, NULL, NULL, NULL, NULL);
INSERT INTO `sys_menu` VALUES (133, 'loginLog', 'system', '[0],[system],', '登录日志', NULL, '/loginLog', 6, 2, 'Y', NULL, 'ENABLE', NULL, NULL, NULL, NULL, NULL, NULL);
INSERT INTO `sys_menu` VALUES (134, 'log_clean', 'log', '[0],[system],[log],', '清空日志', NULL, '/log/delLog', 3, 3, 'N', NULL, 'ENABLE', NULL, NULL, NULL, NULL, NULL, NULL);
INSERT INTO `sys_menu` VALUES (135, 'dept_add', 'dept', '[0],[system],[dept],', '添加部门', NULL, '/dept/add', 1, 3, 'N', NULL, 'ENABLE', NULL, NULL, NULL, NULL, NULL, NULL);
INSERT INTO `sys_menu` VALUES (136, 'dept_update', 'dept', '[0],[system],[dept],', '修改部门', NULL, '/dept/update', 1, 3, 'N', NULL, 'ENABLE', NULL, NULL, NULL, NULL, NULL, NULL);
INSERT INTO `sys_menu` VALUES (137, 'dept_delete', 'dept', '[0],[system],[dept],', '删除部门', NULL, '/dept/delete', 1, 3, 'N', NULL, 'ENABLE', NULL, NULL, NULL, NULL, NULL, NULL);
INSERT INTO `sys_menu` VALUES (138, 'dict_add', 'dict', '[0],[system],[dict],', '添加字典', NULL, '/dict/add', 1, 3, 'N', NULL, 'ENABLE', NULL, NULL, NULL, NULL, NULL, NULL);
INSERT INTO `sys_menu` VALUES (139, 'dict_update', 'dict', '[0],[system],[dict],', '修改字典', NULL, '/dict/update', 1, 3, 'N', NULL, 'ENABLE', NULL, NULL, NULL, NULL, NULL, NULL);
INSERT INTO `sys_menu` VALUES (140, 'dict_delete', 'dict', '[0],[system],[dict],', '删除字典', NULL, '/dict/delete', 1, 3, 'N', NULL, 'ENABLE', NULL, NULL, NULL, NULL, NULL, NULL);
INSERT INTO `sys_menu` VALUES (141, 'notice', 'system', '[0],[system],', '通知管理', NULL, '/notice', 9, 2, 'Y', NULL, 'ENABLE', NULL, NULL, NULL, NULL, NULL, NULL);
INSERT INTO `sys_menu` VALUES (142, 'notice_add', 'notice', '[0],[system],[notice],', '添加通知', NULL, '/notice/add', 1, 3, 'N', NULL, 'ENABLE', NULL, NULL, NULL, NULL, NULL, NULL);
INSERT INTO `sys_menu` VALUES (143, 'notice_update', 'notice', '[0],[system],[notice],', '修改通知', NULL, '/notice/update', 2, 3, 'N', NULL, 'ENABLE', NULL, NULL, NULL, NULL, NULL, NULL);
INSERT INTO `sys_menu` VALUES (144, 'notice_delete', 'notice', '[0],[system],[notice],', '删除通知', NULL, '/notice/delete', 3, 3, 'N', NULL, 'ENABLE', NULL, NULL, NULL, NULL, NULL, NULL);
INSERT INTO `sys_menu` VALUES (145, 'hello', 'system_message', '[0],[system_message],', '系统消息', 'layui-icon layui-icon-tips', '/notice/hello', 1, 2, 'Y', NULL, 'ENABLE', NULL, NULL, NULL, '2019-02-11 15:47:19', NULL, 1);
INSERT INTO `sys_menu` VALUES (149, 'api_mgr', 'dev_tools', '[0],[dev_tools],', '接口文档', 'fa-leaf', '/swagger-ui.html', 2, 2, 'Y', NULL, 'ENABLE', NULL, NULL, NULL, NULL, NULL, NULL);
INSERT INTO `sys_menu` VALUES (150, 'to_menu_edit', 'menu', '[0],[system],[menu],', '菜单编辑跳转', '', '/menu/menu_edit', 4, 3, 'N', NULL, 'ENABLE', NULL, NULL, NULL, NULL, NULL, NULL);
INSERT INTO `sys_menu` VALUES (151, 'menu_list', 'menu', '[0],[system],[menu],', '菜单列表', '', '/menu/list', 5, 3, 'N', NULL, 'ENABLE', NULL, NULL, NULL, NULL, NULL, NULL);
INSERT INTO `sys_menu` VALUES (152, 'to_dept_update', 'dept', '[0],[system],[dept],', '修改部门跳转', '', '/dept/dept_update', 4, 3, 'N', NULL, 'ENABLE', NULL, NULL, NULL, NULL, NULL, NULL);
INSERT INTO `sys_menu` VALUES (153, 'dept_list', 'dept', '[0],[system],[dept],', '部门列表', '', '/dept/list', 5, 3, 'N', NULL, 'ENABLE', NULL, NULL, NULL, NULL, NULL, NULL);
INSERT INTO `sys_menu` VALUES (154, 'dept_detail', 'dept', '[0],[system],[dept],', '部门详情', '', '/dept/detail', 6, 3, 'N', NULL, 'ENABLE', NULL, NULL, NULL, NULL, NULL, NULL);
INSERT INTO `sys_menu` VALUES (155, 'to_dict_edit', 'dict', '[0],[system],[dict],', '修改菜单跳转', '', '/dict/dict_edit', 4, 3, 'N', NULL, 'ENABLE', NULL, NULL, NULL, NULL, NULL, NULL);
INSERT INTO `sys_menu` VALUES (156, 'dict_list', 'dict', '[0],[system],[dict],', '字典列表', '', '/dict/list', 5, 3, 'N', NULL, 'ENABLE', NULL, NULL, NULL, NULL, NULL, NULL);
INSERT INTO `sys_menu` VALUES (157, 'dict_detail', 'dict', '[0],[system],[dict],', '字典详情', '', '/dict/detail', 6, 3, 'N', NULL, 'ENABLE', NULL, NULL, NULL, NULL, NULL, NULL);
INSERT INTO `sys_menu` VALUES (158, 'log_list', 'log', '[0],[system],[log],', '日志列表', '', '/log/list', 2, 3, 'N', NULL, 'ENABLE', NULL, NULL, NULL, NULL, NULL, NULL);
INSERT INTO `sys_menu` VALUES (159, 'log_detail', 'log', '[0],[system],[log],', '日志详情', '', '/log/detail', 3, 3, 'N', NULL, 'ENABLE', NULL, NULL, NULL, NULL, NULL, NULL);
INSERT INTO `sys_menu` VALUES (160, 'del_login_log', 'loginLog', '[0],[system],[loginLog],', '清空登录日志', '', '/loginLog/delLoginLog', 1, 3, 'N', NULL, 'ENABLE', NULL, NULL, NULL, NULL, NULL, NULL);
INSERT INTO `sys_menu` VALUES (161, 'login_log_list', 'loginLog', '[0],[system],[loginLog],', '登录日志列表', '', '/loginLog/list', 2, 3, 'N', NULL, 'ENABLE', NULL, NULL, NULL, NULL, NULL, NULL);
INSERT INTO `sys_menu` VALUES (162, 'to_role_edit', 'role', '[0],[system],[role],', '修改角色跳转', '', '/role/role_edit', 5, 3, 'N', NULL, 'ENABLE', NULL, NULL, NULL, NULL, NULL, NULL);
INSERT INTO `sys_menu` VALUES (163, 'to_role_assign', 'role', '[0],[system],[role],', '角色分配跳转', '', '/role/role_assign', 6, 3, 'N', NULL, 'ENABLE', NULL, NULL, NULL, NULL, NULL, NULL);
INSERT INTO `sys_menu` VALUES (164, 'role_list', 'role', '[0],[system],[role],', '角色列表', '', '/role/list', 7, 3, 'N', NULL, 'ENABLE', NULL, NULL, NULL, NULL, NULL, NULL);
INSERT INTO `sys_menu` VALUES (165, 'to_assign_role', 'mgr', '[0],[system],[mgr],', '分配角色跳转', '', '/mgr/role_assign', 8, 3, 'N', NULL, 'ENABLE', NULL, NULL, NULL, NULL, NULL, NULL);
INSERT INTO `sys_menu` VALUES (166, 'to_user_edit', 'mgr', '[0],[system],[mgr],', '编辑用户跳转', '', '/mgr/user_edit', 9, 3, 'N', NULL, 'ENABLE', NULL, NULL, NULL, NULL, NULL, NULL);
INSERT INTO `sys_menu` VALUES (167, 'mgr_list', 'mgr', '[0],[system],[mgr],', '用户列表', '', '/mgr/list', 10, 3, 'N', NULL, 'ENABLE', NULL, NULL, NULL, NULL, NULL, NULL);
INSERT INTO `sys_menu` VALUES (171, 'dev_tools', '0', '[0],', '开发工具', 'layui-icon layui-icon-app', '#', 20, 1, 'Y', NULL, 'ENABLE', NULL, NULL, NULL, '2019-02-11 15:49:25', NULL, 1);
INSERT INTO `sys_menu` VALUES (172, 'system_message', '0', '[0],', '系统消息', 'layui-icon layui-icon-tips', '#', 10, 1, 'Y', NULL, 'ENABLE', NULL, NULL, NULL, '2019-02-11 15:47:32', NULL, 1);
INSERT INTO `sys_menu` VALUES (1105104261240352770, 'attachment', 'system', '[0],[system],', '附件管理', 'layui-icon layui-icon-username', '/attachment', 10, 2, 'Y', NULL, 'ENABLE', NULL, NULL, '2019-03-11 21:52:42', '2019-03-11 21:57:21', 1, 1);
INSERT INTO `sys_menu` VALUES (1105104943288709121, 'folder', 'system', '[0],[system],', '目录管理', 'layui-icon layui-icon-username', '/folder', 10, 2, 'Y', NULL, 'ENABLE', NULL, NULL, '2019-03-11 21:55:25', '2019-03-11 21:56:18', 1, 1);
INSERT INTO `sys_menu` VALUES (1105106537166172162, 'folder_add', 'folder', '[0],[system],[folder],', '目录添加', '', '/folder/add', 1, 3, 'N', NULL, 'ENABLE', NULL, NULL, '2019-03-11 22:01:45', '2019-03-11 22:02:18', 1, 1);
INSERT INTO `sys_menu` VALUES (1105106975676461058, 'folder_list', 'folder', '[0],[system],[folder],', '目录列表', '', '/folder/list', 1, 3, 'N', NULL, 'ENABLE', NULL, NULL, '2019-03-11 22:03:30', NULL, 1, NULL);

-- ----------------------------
-- Table structure for sys_notice
-- ----------------------------
DROP TABLE IF EXISTS `sys_notice`;
CREATE TABLE `sys_notice`  (
  `NOTICE_ID` bigint(20) NOT NULL AUTO_INCREMENT COMMENT '主键',
  `TITLE` varchar(255) CHARACTER SET utf8 COLLATE utf8_general_ci NULL DEFAULT NULL COMMENT '标题',
  `CONTENT` text CHARACTER SET utf8 COLLATE utf8_general_ci NULL COMMENT '内容',
  `CREATE_TIME` datetime(0) NULL DEFAULT NULL COMMENT '创建时间',
  `CREATE_USER` bigint(20) NULL DEFAULT NULL COMMENT '创建人',
  `UPDATE_TIME` datetime(0) NULL DEFAULT NULL COMMENT '修改时间',
  `UPDATE_USER` bigint(20) NULL DEFAULT NULL COMMENT '修改人',
  PRIMARY KEY (`NOTICE_ID`) USING BTREE
) ENGINE = InnoDB AUTO_INCREMENT = 1071770798843490307 CHARACTER SET = utf8 COLLATE = utf8_general_ci COMMENT = '通知表' ROW_FORMAT = Dynamic;

-- ----------------------------
-- Records of sys_notice
-- ----------------------------
INSERT INTO `sys_notice` VALUES (6, '欢迎', 'hi，Guns旗舰版发布了！', '2017-01-11 08:53:20', 1, '2018-12-28 23:24:48', 1);
INSERT INTO `sys_notice` VALUES (8, '你好', '你好，世界！', '2017-05-10 19:28:57', 1, '2018-12-28 23:28:26', 1);

-- ----------------------------
-- Table structure for sys_operation_log
-- ----------------------------
DROP TABLE IF EXISTS `sys_operation_log`;
CREATE TABLE `sys_operation_log`  (
  `OPERATION_LOG_ID` bigint(20) NOT NULL AUTO_INCREMENT COMMENT '主键',
  `LOG_TYPE` varchar(32) CHARACTER SET utf8 COLLATE utf8_general_ci NULL DEFAULT NULL COMMENT '日志类型(字典)',
  `LOG_NAME` varchar(255) CHARACTER SET utf8 COLLATE utf8_general_ci NULL DEFAULT NULL COMMENT '日志名称',
  `USER_ID` bigint(65) NULL DEFAULT NULL COMMENT '用户id',
  `CLASS_NAME` varchar(255) CHARACTER SET utf8 COLLATE utf8_general_ci NULL DEFAULT NULL COMMENT '类名称',
  `METHOD` text CHARACTER SET utf8 COLLATE utf8_general_ci NULL COMMENT '方法名称',
  `CREATE_TIME` datetime(0) NULL DEFAULT NULL COMMENT '创建时间',
  `SUCCEED` varchar(32) CHARACTER SET utf8 COLLATE utf8_general_ci NULL DEFAULT NULL COMMENT '是否成功(字典)',
  `MESSAGE` text CHARACTER SET utf8 COLLATE utf8_general_ci NULL COMMENT '备注',
  PRIMARY KEY (`OPERATION_LOG_ID`) USING BTREE
) ENGINE = InnoDB AUTO_INCREMENT = 1105489364382658562 CHARACTER SET = utf8 COLLATE = utf8_general_ci COMMENT = '操作日志' ROW_FORMAT = Dynamic;

-- ----------------------------
-- Records of sys_operation_log
-- ----------------------------
INSERT INTO `sys_operation_log` VALUES (1105104262108573697, '业务日志', '菜单新增', 1, 'cn.stylefeng.guns.modular.system.controller.MenuController', 'add', '2019-03-11 21:52:43', '成功', '菜单名称=附件管理');
INSERT INTO `sys_operation_log` VALUES (1105104944165318658, '业务日志', '菜单新增', 1, 'cn.stylefeng.guns.modular.system.controller.MenuController', 'add', '2019-03-11 21:55:25', '成功', '菜单名称=目录管理');
INSERT INTO `sys_operation_log` VALUES (1105105091729321986, '业务日志', '修改菜单', 1, 'cn.stylefeng.guns.modular.system.controller.MenuController', 'edit', '2019-03-11 21:56:00', '成功', '菜单名称=附件管理;;;字段名称:菜单图标,旧值:,新值:layui-icon layui-icon-username');
INSERT INTO `sys_operation_log` VALUES (1105105167264542722, '业务日志', '修改菜单', 1, 'cn.stylefeng.guns.modular.system.controller.MenuController', 'edit', '2019-03-11 21:56:18', '成功', '菜单名称=目录管理;;;字段名称:菜单图标,旧值:,新值:layui-icon layui-icon-username');
INSERT INTO `sys_operation_log` VALUES (1105105373745934337, '业务日志', '修改菜单', 1, 'cn.stylefeng.guns.modular.system.controller.MenuController', 'edit', '2019-03-11 21:57:08', '成功', '菜单名称=附件管理;;;字段名称:null,旧值:Y,新值:N');
INSERT INTO `sys_operation_log` VALUES (1105105433795784706, '业务日志', '修改菜单', 1, 'cn.stylefeng.guns.modular.system.controller.MenuController', 'edit', '2019-03-11 21:57:22', '成功', '菜单名称=附件管理;;;字段名称:null,旧值:N,新值:Y');
INSERT INTO `sys_operation_log` VALUES (1105106538051170305, '业务日志', '菜单新增', 1, 'cn.stylefeng.guns.modular.system.controller.MenuController', 'add', '2019-03-11 22:01:45', '成功', '菜单名称=目录添加');
INSERT INTO `sys_operation_log` VALUES (1105106677750853633, '业务日志', '修改菜单', 1, 'cn.stylefeng.guns.modular.system.controller.MenuController', 'edit', '2019-03-11 22:02:19', '成功', '菜单名称=目录添加;;;字段名称:null,旧值:Y,新值:N');
INSERT INTO `sys_operation_log` VALUES (1105106976565653506, '业务日志', '菜单新增', 1, 'cn.stylefeng.guns.modular.system.controller.MenuController', 'add', '2019-03-11 22:03:30', '成功', '菜单名称=目录列表');
INSERT INTO `sys_operation_log` VALUES (1105471933257883649, '异常日志', '', 1, NULL, NULL, '2019-03-12 22:13:42', '失败', 'org.springframework.jdbc.BadSqlGrammarException: \r\n### Error querying database.  Cause: java.sql.SQLSyntaxErrorException: Unknown column \'SIMPLE_NAME\' in \'field list\'\r\n### The error may exist in file [K:\\guns-onlyoffice\\target\\classes\\cn\\stylefeng\\guns\\modular\\system\\mapper\\mapping\\FolderMapper.xml]\r\n### The error may involve defaultParameterMap\r\n### The error occurred while setting parameters\r\n### SQL: select FOLDER_ID AS id, PID as pId, SIMPLE_NAME as name,   (   CASE   WHEN (PID = 0 OR PID IS NULL) THEN   \'true\'   ELSE   \'false\'   END   ) as open from sys_folder\r\n### Cause: java.sql.SQLSyntaxErrorException: Unknown column \'SIMPLE_NAME\' in \'field list\'\n; bad SQL grammar []; nested exception is java.sql.SQLSyntaxErrorException: Unknown column \'SIMPLE_NAME\' in \'field list\'\r\n	at org.springframework.jdbc.support.SQLErrorCodeSQLExceptionTranslator.doTranslate(SQLErrorCodeSQLExceptionTranslator.java:234)\r\n	at org.springframework.jdbc.support.AbstractFallbackSQLExceptionTranslator.translate(AbstractFallbackSQLExceptionTranslator.java:72)\r\n	at org.mybatis.spring.MyBatisExceptionTranslator.translateExceptionIfPossible(MyBatisExceptionTranslator.java:73)\r\n	at org.mybatis.spring.SqlSessionTemplateTSqlSessionInterceptor.invoke(SqlSessionTemplate.java:446)\r\n	at com.sun.proxy.TProxy104.selectList(Unknown Source)\r\n	at org.mybatis.spring.SqlSessionTemplate.selectList(SqlSessionTemplate.java:230)\r\n	at com.baomidou.mybatisplus.core.override.PageMapperMethod.executeForMany(PageMapperMethod.java:173)\r\n	at com.baomidou.mybatisplus.core.override.PageMapperMethod.execute(PageMapperMethod.java:86)\r\n	at com.baomidou.mybatisplus.core.override.PageMapperProxy.invoke(PageMapperProxy.java:64)\r\n	at com.sun.proxy.TProxy107.tree(Unknown Source)\r\n	at cn.stylefeng.guns.modular.system.service.FolderService.tree(FolderService.java:98)\r\n	at cn.stylefeng.guns.modular.system.service.FolderServiceTTFastClassBySpringCGLIBTT5efac8c6.invoke(<generated>)\r\n	at org.springframework.cglib.proxy.MethodProxy.invoke(MethodProxy.java:218)\r\n	at org.springframework.aop.framework.CglibAopProxyTCglibMethodInvocation.invokeJoinpoint(CglibAopProxy.java:749)\r\n	at org.springframework.aop.framework.ReflectiveMethodInvocation.proceed(ReflectiveMethodInvocation.java:163)\r\n	at com.alibaba.druid.support.spring.stat.DruidStatInterceptor.invoke(DruidStatInterceptor.java:72)\r\n	at org.springframework.aop.framework.ReflectiveMethodInvocation.proceed(ReflectiveMethodInvocation.java:186)\r\n	at org.springframework.aop.framework.CglibAopProxyTDynamicAdvisedInterceptor.intercept(CglibAopProxy.java:688)\r\n	at cn.stylefeng.guns.modular.system.service.FolderServiceTTEnhancerBySpringCGLIBTT78e656c.tree(<generated>)\r\n	at cn.stylefeng.guns.modular.system.controller.FolderController.tree(FolderController.java:79)\r\n	at cn.stylefeng.guns.modular.system.controller.FolderControllerTTFastClassBySpringCGLIBTTc70baed4.invoke(<generated>)\r\n	at org.springframework.cglib.proxy.MethodProxy.invoke(MethodProxy.java:218)\r\n	at org.springframework.aop.framework.CglibAopProxyTCglibMethodInvocation.invokeJoinpoint(CglibAopProxy.java:749)\r\n	at org.springframework.aop.framework.ReflectiveMethodInvocation.proceed(ReflectiveMethodInvocation.java:163)\r\n	at org.springframework.aop.aspectj.MethodInvocationProceedingJoinPoint.proceed(MethodInvocationProceedingJoinPoint.java:88)\r\n	at cn.stylefeng.guns.core.interceptor.SessionHolderInterceptor.sessionKit(SessionHolderInterceptor.java:44)\r\n	at sun.reflect.NativeMethodAccessorImpl.invoke0(Native Method)\r\n	at sun.reflect.NativeMethodAccessorImpl.invoke(NativeMethodAccessorImpl.java:62)\r\n	at sun.reflect.DelegatingMethodAccessorImpl.invoke(DelegatingMethodAccessorImpl.java:43)\r\n	at java.lang.reflect.Method.invoke(Method.java:498)\r\n	at org.springframework.aop.aspectj.AbstractAspectJAdvice.invokeAdviceMethodWithGivenArgs(AbstractAspectJAdvice.java:644)\r\n	at org.springframework.aop.aspectj.AbstractAspectJAdvice.invokeAdviceMethod(AbstractAspectJAdvice.java:633)\r\n	at org.springframework.aop.aspectj.AspectJAroundAdvice.invoke(AspectJAroundAdvice.java:70)\r\n	at org.springframework.aop.framework.ReflectiveMethodInvocation.proceed(ReflectiveMethodInvocation.java:186)\r\n	at org.springframework.aop.interceptor.ExposeInvocationInterceptor.invoke(ExposeInvocationInterceptor.java:93)\r\n	at org.springframework.aop.framework.ReflectiveMethodInvocation.proceed(ReflectiveMethodInvocation.java:186)\r\n	at org.springframework.aop.framework.CglibAopProxyTDynamicAdvisedInterceptor.intercept(CglibAopProxy.java:688)\r\n	at cn.stylefeng.guns.modular.system.controller.FolderControllerTTEnhancerBySpringCGLIBTTf6e862d7.tree(<generated>)\r\n	at sun.reflect.NativeMethodAccessorImpl.invoke0(Native Method)\r\n	at sun.reflect.NativeMethodAccessorImpl.invoke(NativeMethodAccessorImpl.java:62)\r\n	at sun.reflect.DelegatingMethodAccessorImpl.invoke(DelegatingMethodAccessorImpl.java:43)\r\n	at java.lang.reflect.Method.invoke(Method.java:498)\r\n	at org.springframework.web.method.support.InvocableHandlerMethod.doInvoke(InvocableHandlerMethod.java:189)\r\n	at org.springframework.web.method.support.InvocableHandlerMethod.invokeForRequest(InvocableHandlerMethod.java:138)\r\n	at org.springframework.web.servlet.mvc.method.annotation.ServletInvocableHandlerMethod.invokeAndHandle(ServletInvocableHandlerMethod.java:102)\r\n	at org.springframework.web.servlet.mvc.method.annotation.RequestMappingHandlerAdapter.invokeHandlerMethod(RequestMappingHandlerAdapter.java:895)\r\n	at org.springframework.web.servlet.mvc.method.annotation.RequestMappingHandlerAdapter.handleInternal(RequestMappingHandlerAdapter.java:800)\r\n	at org.springframework.web.servlet.mvc.method.AbstractHandlerMethodAdapter.handle(AbstractHandlerMethodAdapter.java:87)\r\n	at org.springframework.web.servlet.DispatcherServlet.doDispatch(DispatcherServlet.java:1038)\r\n	at org.springframework.web.servlet.DispatcherServlet.doService(DispatcherServlet.java:942)\r\n	at org.springframework.web.servlet.FrameworkServlet.processRequest(FrameworkServlet.java:1005)\r\n	at org.springframework.web.servlet.FrameworkServlet.doPost(FrameworkServlet.java:908)\r\n	at javax.servlet.http.HttpServlet.service(HttpServlet.java:660)\r\n	at org.springframework.web.servlet.FrameworkServlet.service(FrameworkServlet.java:882)\r\n	at javax.servlet.http.HttpServlet.service(HttpServlet.java:741)\r\n	at org.apache.catalina.core.ApplicationFilterChain.internalDoFilter(ApplicationFilterChain.java:231)\r\n	at org.apache.catalina.core.ApplicationFilterChain.doFilter(ApplicationFilterChain.java:166)\r\n	at org.apache.tomcat.websocket.server.WsFilter.doFilter(WsFilter.java:53)\r\n	at org.apache.catalina.core.ApplicationFilterChain.internalDoFilter(ApplicationFilterChain.java:193)\r\n	at org.apache.catalina.core.ApplicationFilterChain.doFilter(ApplicationFilterChain.java:166)\r\n	at org.apache.shiro.web.servlet.ProxiedFilterChain.doFilter(ProxiedFilterChain.java:61)\r\n	at org.apache.shiro.web.servlet.AdviceFilter.executeChain(AdviceFilter.java:108)\r\n	at org.apache.shiro.web.servlet.AdviceFilter.doFilterInternal(AdviceFilter.java:137)\r\n	at org.apache.shiro.web.servlet.OncePerRequestFilter.doFilter(OncePerRequestFilter.java:125)\r\n	at org.apache.shiro.web.servlet.ProxiedFilterChain.doFilter(ProxiedFilterChain.java:66)\r\n	at org.apache.shiro.web.servlet.AbstractShiroFilter.executeChain(AbstractShiroFilter.java:449)\r\n	at org.apache.shiro.web.servlet.AbstractShiroFilterT1.call(AbstractShiroFilter.java:365)\r\n	at org.apache.shiro.subject.support.SubjectCallable.doCall(SubjectCallable.java:90)\r\n	at org.apache.shiro.subject.support.SubjectCallable.call(SubjectCallable.java:83)\r\n	at org.apache.shiro.subject.support.DelegatingSubject.execute(DelegatingSubject.java:387)\r\n	at org.apache.shiro.web.servlet.AbstractShiroFilter.doFilterInternal(AbstractShiroFilter.java:362)\r\n	at org.apache.shiro.web.servlet.OncePerRequestFilter.doFilter(OncePerRequestFilter.java:125)\r\n	at org.apache.catalina.core.ApplicationFilterChain.internalDoFilter(ApplicationFilterChain.java:193)\r\n	at org.apache.catalina.core.ApplicationFilterChain.doFilter(ApplicationFilterChain.java:166)\r\n	at cn.stylefeng.roses.core.xss.XssFilter.doFilter(XssFilter.java:31)\r\n	at org.apache.catalina.core.ApplicationFilterChain.internalDoFilter(ApplicationFilterChain.java:193)\r\n	at org.apache.catalina.core.ApplicationFilterChain.doFilter(ApplicationFilterChain.java:166)\r\n	at com.alibaba.druid.support.http.WebStatFilter.doFilter(WebStatFilter.java:123)\r\n	at org.apache.catalina.core.ApplicationFilterChain.internalDoFilter(ApplicationFilterChain.java:193)\r\n	at org.apache.catalina.core.ApplicationFilterChain.doFilter(ApplicationFilterChain.java:166)\r\n	at org.springframework.web.filter.RequestContextFilter.doFilterInternal(RequestContextFilter.java:99)\r\n	at org.springframework.web.filter.OncePerRequestFilter.doFilter(OncePerRequestFilter.java:107)\r\n	at org.apache.catalina.core.ApplicationFilterChain.internalDoFilter(ApplicationFilterChain.java:193)\r\n	at org.apache.catalina.core.ApplicationFilterChain.doFilter(ApplicationFilterChain.java:166)\r\n	at org.springframework.web.filter.FormContentFilter.doFilterInternal(FormContentFilter.java:92)\r\n	at org.springframework.web.filter.OncePerRequestFilter.doFilter(OncePerRequestFilter.java:107)\r\n	at org.apache.catalina.core.ApplicationFilterChain.internalDoFilter(ApplicationFilterChain.java:193)\r\n	at org.apache.catalina.core.ApplicationFilterChain.doFilter(ApplicationFilterChain.java:166)\r\n	at org.springframework.web.filter.HiddenHttpMethodFilter.doFilterInternal(HiddenHttpMethodFilter.java:93)\r\n	at org.springframework.web.filter.OncePerRequestFilter.doFilter(OncePerRequestFilter.java:107)\r\n	at org.apache.catalina.core.ApplicationFilterChain.internalDoFilter(ApplicationFilterChain.java:193)\r\n	at org.apache.catalina.core.ApplicationFilterChain.doFilter(ApplicationFilterChain.java:166)\r\n	at org.springframework.web.filter.CharacterEncodingFilter.doFilterInternal(CharacterEncodingFilter.java:200)\r\n	at org.springframework.web.filter.OncePerRequestFilter.doFilter(OncePerRequestFilter.java:107)\r\n	at org.apache.catalina.core.ApplicationFilterChain.internalDoFilter(ApplicationFilterChain.java:193)\r\n	at org.apache.catalina.core.ApplicationFilterChain.doFilter(ApplicationFilterChain.java:166)\r\n	at org.apache.catalina.core.StandardWrapperValve.invoke(StandardWrapperValve.java:199)\r\n	at org.apache.catalina.core.StandardContextValve.invoke(StandardContextValve.java:96)\r\n	at org.apache.catalina.authenticator.AuthenticatorBase.invoke(AuthenticatorBase.java:490)\r\n	at org.apache.catalina.core.StandardHostValve.invoke(StandardHostValve.java:139)\r\n	at org.apache.catalina.valves.ErrorReportValve.invoke(ErrorReportValve.java:92)\r\n	at org.apache.catalina.core.StandardEngineValve.invoke(StandardEngineValve.java:74)\r\n	at org.apache.catalina.connector.CoyoteAdapter.service(CoyoteAdapter.java:343)\r\n	at org.apache.coyote.http11.Http11Processor.service(Http11Processor.java:408)\r\n	at org.apache.coyote.AbstractProcessorLight.process(AbstractProcessorLight.java:66)\r\n	at org.apache.coyote.AbstractProtocolTConnectionHandler.process(AbstractProtocol.java:791)\r\n	at org.apache.tomcat.util.net.NioEndpointTSocketProcessor.doRun(NioEndpoint.java:1417)\r\n	at org.apache.tomcat.util.net.SocketProcessorBase.run(SocketProcessorBase.java:49)\r\n	at java.util.concurrent.ThreadPoolExecutor.runWorker(ThreadPoolExecutor.java:1142)\r\n	at java.util.concurrent.ThreadPoolExecutorTWorker.run(ThreadPoolExecutor.java:617)\r\n	at org.apache.tomcat.util.threads.TaskThreadTWrappingRunnable.run(TaskThread.java:61)\r\n	at java.lang.Thread.run(Thread.java:748)\r\nCaused by: java.sql.SQLSyntaxErrorException: Unknown column \'SIMPLE_NAME\' in \'field list\'\r\n	at com.mysql.cj.jdbc.exceptions.SQLError.createSQLException(SQLError.java:118)\r\n	at com.mysql.cj.jdbc.exceptions.SQLError.createSQLException(SQLError.java:95)\r\n	at com.mysql.cj.jdbc.exceptions.SQLExceptionsMapping.translateException(SQLExceptionsMapping.java:122)\r\n	at com.mysql.cj.jdbc.ClientPreparedStatement.executeInternal(ClientPreparedStatement.java:960)\r\n	at com.mysql.cj.jdbc.ClientPreparedStatement.execute(ClientPreparedStatement.java:388)\r\n	at com.alibaba.druid.filter.FilterChainImpl.preparedStatement_execute(FilterChainImpl.java:3409)\r\n	at com.alibaba.druid.filter.FilterEventAdapter.preparedStatement_execute(FilterEventAdapter.java:440)\r\n	at com.alibaba.druid.filter.FilterChainImpl.preparedStatement_execute(FilterChainImpl.java:3407)\r\n	at com.alibaba.druid.wall.WallFilter.preparedStatement_execute(WallFilter.java:620)\r\n	at com.alibaba.druid.filter.FilterChainImpl.preparedStatement_execute(FilterChainImpl.java:3407)\r\n	at com.alibaba.druid.proxy.jdbc.PreparedStatementProxyImpl.execute(PreparedStatementProxyImpl.java:167)\r\n	at com.alibaba.druid.pool.DruidPooledPreparedStatement.execute(DruidPooledPreparedStatement.java:498)\r\n	at sun.reflect.NativeMethodAccessorImpl.invoke0(Native Method)\r\n	at sun.reflect.NativeMethodAccessorImpl.invoke(NativeMethodAccessorImpl.java:62)\r\n	at sun.reflect.DelegatingMethodAccessorImpl.invoke(DelegatingMethodAccessorImpl.java:43)\r\n	at java.lang.reflect.Method.invoke(Method.java:498)\r\n	at org.apache.ibatis.logging.jdbc.PreparedStatementLogger.invoke(PreparedStatementLogger.java:59)\r\n	at com.sun.proxy.TProxy129.execute(Unknown Source)\r\n	at org.apache.ibatis.executor.statement.PreparedStatementHandler.query(PreparedStatementHandler.java:63)\r\n	at org.apache.ibatis.executor.statement.RoutingStatementHandler.query(RoutingStatementHandler.java:79)\r\n	at sun.reflect.GeneratedMethodAccessor90.invoke(Unknown Source)\r\n	at sun.reflect.DelegatingMethodAccessorImpl.invoke(DelegatingMethodAccessorImpl.java:43)\r\n	at java.lang.reflect.Method.invoke(Method.java:498)\r\n	at org.apache.ibatis.plugin.Plugin.invoke(Plugin.java:63)\r\n	at com.sun.proxy.TProxy127.query(Unknown Source)\r\n	at sun.reflect.GeneratedMethodAccessor90.invoke(Unknown Source)\r\n	at sun.reflect.DelegatingMethodAccessorImpl.invoke(DelegatingMethodAccessorImpl.java:43)\r\n	at java.lang.reflect.Method.invoke(Method.java:498)\r\n	at org.apache.ibatis.plugin.Plugin.invoke(Plugin.java:63)\r\n	at com.sun.proxy.TProxy127.query(Unknown Source)\r\n	at org.apache.ibatis.executor.SimpleExecutor.doQuery(SimpleExecutor.java:63)\r\n	at org.apache.ibatis.executor.BaseExecutor.queryFromDatabase(BaseExecutor.java:326)\r\n	at org.apache.ibatis.executor.BaseExecutor.query(BaseExecutor.java:156)\r\n	at org.apache.ibatis.executor.CachingExecutor.query(CachingExecutor.java:109)\r\n	at org.apache.ibatis.executor.CachingExecutor.query(CachingExecutor.java:83)\r\n	at sun.reflect.NativeMethodAccessorImpl.invoke0(Native Method)\r\n	at sun.reflect.NativeMethodAccessorImpl.invoke(NativeMethodAccessorImpl.java:62)\r\n	at sun.reflect.DelegatingMethodAccessorImpl.invoke(DelegatingMethodAccessorImpl.java:43)\r\n	at java.lang.reflect.Method.invoke(Method.java:498)\r\n	at org.apache.ibatis.plugin.Plugin.invoke(Plugin.java:63)\r\n	at com.sun.proxy.TProxy126.query(Unknown Source)\r\n	at org.apache.ibatis.session.defaults.DefaultSqlSession.selectList(DefaultSqlSession.java:148)\r\n	at org.apache.ibatis.session.defaults.DefaultSqlSession.selectList(DefaultSqlSession.java:141)\r\n	at sun.reflect.NativeMethodAccessorImpl.invoke0(Native Method)\r\n	at sun.reflect.NativeMethodAccessorImpl.invoke(NativeMethodAccessorImpl.java:62)\r\n	at sun.reflect.DelegatingMethodAccessorImpl.invoke(DelegatingMethodAccessorImpl.java:43)\r\n	at java.lang.reflect.Method.invoke(Method.java:498)\r\n	at org.mybatis.spring.SqlSessionTemplateTSqlSessionInterceptor.invoke(SqlSessionTemplate.java:433)\r\n	... 108 more\r\n');
INSERT INTO `sys_operation_log` VALUES (1105471933715062786, '异常日志', '', 1, NULL, NULL, '2019-03-12 22:13:42', '失败', 'org.springframework.jdbc.BadSqlGrammarException: \r\n### Error querying database.  Cause: java.sql.SQLSyntaxErrorException: Unknown column \'SIMPLE_NAME\' in \'field list\'\r\n### The error may exist in file [K:\\guns-onlyoffice\\target\\classes\\cn\\stylefeng\\guns\\modular\\system\\mapper\\mapping\\FolderMapper.xml]\r\n### The error may involve defaultParameterMap\r\n### The error occurred while setting parameters\r\n### SQL: select                   FOLDER_ID AS folderId, PID AS pid, PIDS AS pids, SIMPLE_NAME AS simpleName, FULL_NAME AS fullName, DESCRIPTION AS description, VERSION AS version, SORT AS sort, CREATE_TIME AS createTime, UPDATE_TIME AS updateTime, CREATE_USER AS createUser, UPDATE_USER AS updateUser               from sys_folder where 1 = 1                             order by SORT ASC\r\n### Cause: java.sql.SQLSyntaxErrorException: Unknown column \'SIMPLE_NAME\' in \'field list\'\n; bad SQL grammar []; nested exception is java.sql.SQLSyntaxErrorException: Unknown column \'SIMPLE_NAME\' in \'field list\'\r\n	at org.springframework.jdbc.support.SQLErrorCodeSQLExceptionTranslator.doTranslate(SQLErrorCodeSQLExceptionTranslator.java:234)\r\n	at org.springframework.jdbc.support.AbstractFallbackSQLExceptionTranslator.translate(AbstractFallbackSQLExceptionTranslator.java:72)\r\n	at org.mybatis.spring.MyBatisExceptionTranslator.translateExceptionIfPossible(MyBatisExceptionTranslator.java:73)\r\n	at org.mybatis.spring.SqlSessionTemplateTSqlSessionInterceptor.invoke(SqlSessionTemplate.java:446)\r\n	at com.sun.proxy.TProxy104.selectList(Unknown Source)\r\n	at org.mybatis.spring.SqlSessionTemplate.selectList(SqlSessionTemplate.java:230)\r\n	at com.baomidou.mybatisplus.core.override.PageMapperMethod.executeForMany2(PageMapperMethod.java:128)\r\n	at com.baomidou.mybatisplus.core.override.PageMapperMethod.execute(PageMapperMethod.java:98)\r\n	at com.baomidou.mybatisplus.core.override.PageMapperProxy.invoke(PageMapperProxy.java:64)\r\n	at com.sun.proxy.TProxy107.list(Unknown Source)\r\n	at cn.stylefeng.guns.modular.system.service.FolderService.list(FolderService.java:119)\r\n	at cn.stylefeng.guns.modular.system.service.FolderServiceTTFastClassBySpringCGLIBTT5efac8c6.invoke(<generated>)\r\n	at org.springframework.cglib.proxy.MethodProxy.invoke(MethodProxy.java:218)\r\n	at org.springframework.aop.framework.CglibAopProxyTCglibMethodInvocation.invokeJoinpoint(CglibAopProxy.java:749)\r\n	at org.springframework.aop.framework.ReflectiveMethodInvocation.proceed(ReflectiveMethodInvocation.java:163)\r\n	at com.alibaba.druid.support.spring.stat.DruidStatInterceptor.invoke(DruidStatInterceptor.java:72)\r\n	at org.springframework.aop.framework.ReflectiveMethodInvocation.proceed(ReflectiveMethodInvocation.java:186)\r\n	at org.springframework.aop.framework.CglibAopProxyTDynamicAdvisedInterceptor.intercept(CglibAopProxy.java:688)\r\n	at cn.stylefeng.guns.modular.system.service.FolderServiceTTEnhancerBySpringCGLIBTT78e656c.list(<generated>)\r\n	at cn.stylefeng.guns.modular.system.controller.FolderController.list(FolderController.java:126)\r\n	at cn.stylefeng.guns.modular.system.controller.FolderControllerTTFastClassBySpringCGLIBTTc70baed4.invoke(<generated>)\r\n	at org.springframework.cglib.proxy.MethodProxy.invoke(MethodProxy.java:218)\r\n	at org.springframework.aop.framework.CglibAopProxyTCglibMethodInvocation.invokeJoinpoint(CglibAopProxy.java:749)\r\n	at org.springframework.aop.framework.ReflectiveMethodInvocation.proceed(ReflectiveMethodInvocation.java:163)\r\n	at org.springframework.aop.aspectj.MethodInvocationProceedingJoinPoint.proceed(MethodInvocationProceedingJoinPoint.java:88)\r\n	at cn.stylefeng.guns.core.interceptor.SessionHolderInterceptor.sessionKit(SessionHolderInterceptor.java:44)\r\n	at sun.reflect.NativeMethodAccessorImpl.invoke0(Native Method)\r\n	at sun.reflect.NativeMethodAccessorImpl.invoke(NativeMethodAccessorImpl.java:62)\r\n	at sun.reflect.DelegatingMethodAccessorImpl.invoke(DelegatingMethodAccessorImpl.java:43)\r\n	at java.lang.reflect.Method.invoke(Method.java:498)\r\n	at org.springframework.aop.aspectj.AbstractAspectJAdvice.invokeAdviceMethodWithGivenArgs(AbstractAspectJAdvice.java:644)\r\n	at org.springframework.aop.aspectj.AbstractAspectJAdvice.invokeAdviceMethod(AbstractAspectJAdvice.java:633)\r\n	at org.springframework.aop.aspectj.AspectJAroundAdvice.invoke(AspectJAroundAdvice.java:70)\r\n	at org.springframework.aop.framework.ReflectiveMethodInvocation.proceed(ReflectiveMethodInvocation.java:186)\r\n	at org.springframework.aop.aspectj.MethodInvocationProceedingJoinPoint.proceed(MethodInvocationProceedingJoinPoint.java:88)\r\n	at cn.stylefeng.guns.core.aop.PermissionAop.doPermission(PermissionAop.java:62)\r\n	at sun.reflect.NativeMethodAccessorImpl.invoke0(Native Method)\r\n	at sun.reflect.NativeMethodAccessorImpl.invoke(NativeMethodAccessorImpl.java:62)\r\n	at sun.reflect.DelegatingMethodAccessorImpl.invoke(DelegatingMethodAccessorImpl.java:43)\r\n	at java.lang.reflect.Method.invoke(Method.java:498)\r\n	at org.springframework.aop.aspectj.AbstractAspectJAdvice.invokeAdviceMethodWithGivenArgs(AbstractAspectJAdvice.java:644)\r\n	at org.springframework.aop.aspectj.AbstractAspectJAdvice.invokeAdviceMethod(AbstractAspectJAdvice.java:633)\r\n	at org.springframework.aop.aspectj.AspectJAroundAdvice.invoke(AspectJAroundAdvice.java:70)\r\n	at org.springframework.aop.framework.ReflectiveMethodInvocation.proceed(ReflectiveMethodInvocation.java:175)\r\n	at org.springframework.aop.interceptor.ExposeInvocationInterceptor.invoke(ExposeInvocationInterceptor.java:93)\r\n	at org.springframework.aop.framework.ReflectiveMethodInvocation.proceed(ReflectiveMethodInvocation.java:186)\r\n	at org.springframework.aop.framework.CglibAopProxyTDynamicAdvisedInterceptor.intercept(CglibAopProxy.java:688)\r\n	at cn.stylefeng.guns.modular.system.controller.FolderControllerTTEnhancerBySpringCGLIBTTf6e862d7.list(<generated>)\r\n	at sun.reflect.NativeMethodAccessorImpl.invoke0(Native Method)\r\n	at sun.reflect.NativeMethodAccessorImpl.invoke(NativeMethodAccessorImpl.java:62)\r\n	at sun.reflect.DelegatingMethodAccessorImpl.invoke(DelegatingMethodAccessorImpl.java:43)\r\n	at java.lang.reflect.Method.invoke(Method.java:498)\r\n	at org.springframework.web.method.support.InvocableHandlerMethod.doInvoke(InvocableHandlerMethod.java:189)\r\n	at org.springframework.web.method.support.InvocableHandlerMethod.invokeForRequest(InvocableHandlerMethod.java:138)\r\n	at org.springframework.web.servlet.mvc.method.annotation.ServletInvocableHandlerMethod.invokeAndHandle(ServletInvocableHandlerMethod.java:102)\r\n	at org.springframework.web.servlet.mvc.method.annotation.RequestMappingHandlerAdapter.invokeHandlerMethod(RequestMappingHandlerAdapter.java:895)\r\n	at org.springframework.web.servlet.mvc.method.annotation.RequestMappingHandlerAdapter.handleInternal(RequestMappingHandlerAdapter.java:800)\r\n	at org.springframework.web.servlet.mvc.method.AbstractHandlerMethodAdapter.handle(AbstractHandlerMethodAdapter.java:87)\r\n	at org.springframework.web.servlet.DispatcherServlet.doDispatch(DispatcherServlet.java:1038)\r\n	at org.springframework.web.servlet.DispatcherServlet.doService(DispatcherServlet.java:942)\r\n	at org.springframework.web.servlet.FrameworkServlet.processRequest(FrameworkServlet.java:1005)\r\n	at org.springframework.web.servlet.FrameworkServlet.doGet(FrameworkServlet.java:897)\r\n	at javax.servlet.http.HttpServlet.service(HttpServlet.java:634)\r\n	at org.springframework.web.servlet.FrameworkServlet.service(FrameworkServlet.java:882)\r\n	at javax.servlet.http.HttpServlet.service(HttpServlet.java:741)\r\n	at org.apache.catalina.core.ApplicationFilterChain.internalDoFilter(ApplicationFilterChain.java:231)\r\n	at org.apache.catalina.core.ApplicationFilterChain.doFilter(ApplicationFilterChain.java:166)\r\n	at org.apache.tomcat.websocket.server.WsFilter.doFilter(WsFilter.java:53)\r\n	at org.apache.catalina.core.ApplicationFilterChain.internalDoFilter(ApplicationFilterChain.java:193)\r\n	at org.apache.catalina.core.ApplicationFilterChain.doFilter(ApplicationFilterChain.java:166)\r\n	at org.apache.shiro.web.servlet.ProxiedFilterChain.doFilter(ProxiedFilterChain.java:61)\r\n	at org.apache.shiro.web.servlet.AdviceFilter.executeChain(AdviceFilter.java:108)\r\n	at org.apache.shiro.web.servlet.AdviceFilter.doFilterInternal(AdviceFilter.java:137)\r\n	at org.apache.shiro.web.servlet.OncePerRequestFilter.doFilter(OncePerRequestFilter.java:125)\r\n	at org.apache.shiro.web.servlet.ProxiedFilterChain.doFilter(ProxiedFilterChain.java:66)\r\n	at org.apache.shiro.web.servlet.AbstractShiroFilter.executeChain(AbstractShiroFilter.java:449)\r\n	at org.apache.shiro.web.servlet.AbstractShiroFilterT1.call(AbstractShiroFilter.java:365)\r\n	at org.apache.shiro.subject.support.SubjectCallable.doCall(SubjectCallable.java:90)\r\n	at org.apache.shiro.subject.support.SubjectCallable.call(SubjectCallable.java:83)\r\n	at org.apache.shiro.subject.support.DelegatingSubject.execute(DelegatingSubject.java:387)\r\n	at org.apache.shiro.web.servlet.AbstractShiroFilter.doFilterInternal(AbstractShiroFilter.java:362)\r\n	at org.apache.shiro.web.servlet.OncePerRequestFilter.doFilter(OncePerRequestFilter.java:125)\r\n	at org.apache.catalina.core.ApplicationFilterChain.internalDoFilter(ApplicationFilterChain.java:193)\r\n	at org.apache.catalina.core.ApplicationFilterChain.doFilter(ApplicationFilterChain.java:166)\r\n	at cn.stylefeng.roses.core.xss.XssFilter.doFilter(XssFilter.java:31)\r\n	at org.apache.catalina.core.ApplicationFilterChain.internalDoFilter(ApplicationFilterChain.java:193)\r\n	at org.apache.catalina.core.ApplicationFilterChain.doFilter(ApplicationFilterChain.java:166)\r\n	at com.alibaba.druid.support.http.WebStatFilter.doFilter(WebStatFilter.java:123)\r\n	at org.apache.catalina.core.ApplicationFilterChain.internalDoFilter(ApplicationFilterChain.java:193)\r\n	at org.apache.catalina.core.ApplicationFilterChain.doFilter(ApplicationFilterChain.java:166)\r\n	at org.springframework.web.filter.RequestContextFilter.doFilterInternal(RequestContextFilter.java:99)\r\n	at org.springframework.web.filter.OncePerRequestFilter.doFilter(OncePerRequestFilter.java:107)\r\n	at org.apache.catalina.core.ApplicationFilterChain.internalDoFilter(ApplicationFilterChain.java:193)\r\n	at org.apache.catalina.core.ApplicationFilterChain.doFilter(ApplicationFilterChain.java:166)\r\n	at org.springframework.web.filter.FormContentFilter.doFilterInternal(FormContentFilter.java:92)\r\n	at org.springframework.web.filter.OncePerRequestFilter.doFilter(OncePerRequestFilter.java:107)\r\n	at org.apache.catalina.core.ApplicationFilterChain.internalDoFilter(ApplicationFilterChain.java:193)\r\n	at org.apache.catalina.core.ApplicationFilterChain.doFilter(ApplicationFilterChain.java:166)\r\n	at org.springframework.web.filter.HiddenHttpMethodFilter.doFilterInternal(HiddenHttpMethodFilter.java:93)\r\n	at org.springframework.web.filter.OncePerRequestFilter.doFilter(OncePerRequestFilter.java:107)\r\n	at org.apache.catalina.core.ApplicationFilterChain.internalDoFilter(ApplicationFilterChain.java:193)\r\n	at org.apache.catalina.core.ApplicationFilterChain.doFilter(ApplicationFilterChain.java:166)\r\n	at org.springframework.web.filter.CharacterEncodingFilter.doFilterInternal(CharacterEncodingFilter.java:200)\r\n	at org.springframework.web.filter.OncePerRequestFilter.doFilter(OncePerRequestFilter.java:107)\r\n	at org.apache.catalina.core.ApplicationFilterChain.internalDoFilter(ApplicationFilterChain.java:193)\r\n	at org.apache.catalina.core.ApplicationFilterChain.doFilter(ApplicationFilterChain.java:166)\r\n	at org.apache.catalina.core.StandardWrapperValve.invoke(StandardWrapperValve.java:199)\r\n	at org.apache.catalina.core.StandardContextValve.invoke(StandardContextValve.java:96)\r\n	at org.apache.catalina.authenticator.AuthenticatorBase.invoke(AuthenticatorBase.java:490)\r\n	at org.apache.catalina.core.StandardHostValve.invoke(StandardHostValve.java:139)\r\n	at org.apache.catalina.valves.ErrorReportValve.invoke(ErrorReportValve.java:92)\r\n	at org.apache.catalina.core.StandardEngineValve.invoke(StandardEngineValve.java:74)\r\n	at org.apache.catalina.connector.CoyoteAdapter.service(CoyoteAdapter.java:343)\r\n	at org.apache.coyote.http11.Http11Processor.service(Http11Processor.java:408)\r\n	at org.apache.coyote.AbstractProcessorLight.process(AbstractProcessorLight.java:66)\r\n	at org.apache.coyote.AbstractProtocolTConnectionHandler.process(AbstractProtocol.java:791)\r\n	at org.apache.tomcat.util.net.NioEndpointTSocketProcessor.doRun(NioEndpoint.java:1417)\r\n	at org.apache.tomcat.util.net.SocketProcessorBase.run(SocketProcessorBase.java:49)\r\n	at java.util.concurrent.ThreadPoolExecutor.runWorker(ThreadPoolExecutor.java:1142)\r\n	at java.util.concurrent.ThreadPoolExecutorTWorker.run(ThreadPoolExecutor.java:617)\r\n	at org.apache.tomcat.util.threads.TaskThreadTWrappingRunnable.run(TaskThread.java:61)\r\n	at java.lang.Thread.run(Thread.java:748)\r\nCaused by: java.sql.SQLSyntaxErrorException: Unknown column \'SIMPLE_NAME\' in \'field list\'\r\n	at com.mysql.cj.jdbc.exceptions.SQLError.createSQLException(SQLError.java:118)\r\n	at com.mysql.cj.jdbc.exceptions.SQLError.createSQLException(SQLError.java:95)\r\n	at com.mysql.cj.jdbc.exceptions.SQLExceptionsMapping.translateException(SQLExceptionsMapping.java:122)\r\n	at com.mysql.cj.jdbc.ClientPreparedStatement.executeInternal(ClientPreparedStatement.java:960)\r\n	at com.mysql.cj.jdbc.ClientPreparedStatement.execute(ClientPreparedStatement.java:388)\r\n	at com.alibaba.druid.filter.FilterChainImpl.preparedStatement_execute(FilterChainImpl.java:3409)\r\n	at com.alibaba.druid.filter.FilterEventAdapter.preparedStatement_execute(FilterEventAdapter.java:440)\r\n	at com.alibaba.druid.filter.FilterChainImpl.preparedStatement_execute(FilterChainImpl.java:3407)\r\n	at com.alibaba.druid.wall.WallFilter.preparedStatement_execute(WallFilter.java:620)\r\n	at com.alibaba.druid.filter.FilterChainImpl.preparedStatement_execute(FilterChainImpl.java:3407)\r\n	at com.alibaba.druid.proxy.jdbc.PreparedStatementProxyImpl.execute(PreparedStatementProxyImpl.java:167)\r\n	at com.alibaba.druid.pool.DruidPooledPreparedStatement.execute(DruidPooledPreparedStatement.java:498)\r\n	at sun.reflect.NativeMethodAccessorImpl.invoke0(Native Method)\r\n	at sun.reflect.NativeMethodAccessorImpl.invoke(NativeMethodAccessorImpl.java:62)\r\n	at sun.reflect.DelegatingMethodAccessorImpl.invoke(DelegatingMethodAccessorImpl.java:43)\r\n	at java.lang.reflect.Method.invoke(Method.java:498)\r\n	at org.apache.ibatis.logging.jdbc.PreparedStatementLogger.invoke(PreparedStatementLogger.java:59)\r\n	at com.sun.proxy.TProxy129.execute(Unknown Source)\r\n	at org.apache.ibatis.executor.statement.PreparedStatementHandler.query(PreparedStatementHandler.java:63)\r\n	at org.apache.ibatis.executor.statement.RoutingStatementHandler.query(RoutingStatementHandler.java:79)\r\n	at sun.reflect.GeneratedMethodAccessor90.invoke(Unknown Source)\r\n	at sun.reflect.DelegatingMethodAccessorImpl.invoke(DelegatingMethodAccessorImpl.java:43)\r\n	at java.lang.reflect.Method.invoke(Method.java:498)\r\n	at org.apache.ibatis.plugin.Plugin.invoke(Plugin.java:63)\r\n	at com.sun.proxy.TProxy127.query(Unknown Source)\r\n	at sun.reflect.GeneratedMethodAccessor90.invoke(Unknown Source)\r\n	at sun.reflect.DelegatingMethodAccessorImpl.invoke(DelegatingMethodAccessorImpl.java:43)\r\n	at java.lang.reflect.Method.invoke(Method.java:498)\r\n	at org.apache.ibatis.plugin.Plugin.invoke(Plugin.java:63)\r\n	at com.sun.proxy.TProxy127.query(Unknown Source)\r\n	at org.apache.ibatis.executor.SimpleExecutor.doQuery(SimpleExecutor.java:63)\r\n	at org.apache.ibatis.executor.BaseExecutor.queryFromDatabase(BaseExecutor.java:326)\r\n	at org.apache.ibatis.executor.BaseExecutor.query(BaseExecutor.java:156)\r\n	at org.apache.ibatis.executor.CachingExecutor.query(CachingExecutor.java:109)\r\n	at org.apache.ibatis.executor.CachingExecutor.query(CachingExecutor.java:83)\r\n	at sun.reflect.NativeMethodAccessorImpl.invoke0(Native Method)\r\n	at sun.reflect.NativeMethodAccessorImpl.invoke(NativeMethodAccessorImpl.java:62)\r\n	at sun.reflect.DelegatingMethodAccessorImpl.invoke(DelegatingMethodAccessorImpl.java:43)\r\n	at java.lang.reflect.Method.invoke(Method.java:498)\r\n	at org.apache.ibatis.plugin.Plugin.invoke(Plugin.java:63)\r\n	at com.sun.proxy.TProxy126.query(Unknown Source)\r\n	at org.apache.ibatis.session.defaults.DefaultSqlSession.selectList(DefaultSqlSession.java:148)\r\n	at org.apache.ibatis.session.defaults.DefaultSqlSession.selectList(DefaultSqlSession.java:141)\r\n	at sun.reflect.NativeMethodAccessorImpl.invoke0(Native Method)\r\n	at sun.reflect.NativeMethodAccessorImpl.invoke(NativeMethodAccessorImpl.java:62)\r\n	at sun.reflect.DelegatingMethodAccessorImpl.invoke(DelegatingMethodAccessorImpl.java:43)\r\n	at java.lang.reflect.Method.invoke(Method.java:498)\r\n	at org.mybatis.spring.SqlSessionTemplateTSqlSessionInterceptor.invoke(SqlSessionTemplate.java:433)\r\n	... 118 more\r\n');
INSERT INTO `sys_operation_log` VALUES (1105478124553916417, '业务日志', '添加目录', 1, 'cn.stylefeng.guns.modular.system.controller.FolderController', 'add', '2019-03-12 22:38:18', '成功', 'null=null');
INSERT INTO `sys_operation_log` VALUES (1105484559673208833, '异常日志', '', 1, NULL, NULL, '2019-03-12 23:03:53', '失败', 'java.lang.NullPointerException\r\n	at cn.stylefeng.guns.modular.system.service.FolderService.getFullPath(FolderService.java:156)\r\n	at cn.stylefeng.guns.modular.system.service.FolderService.getFullPath(FolderService.java:161)\r\n	at cn.stylefeng.guns.modular.system.service.FolderService.folderSetParentPath(FolderService.java:146)\r\n	at cn.stylefeng.guns.modular.system.service.FolderService.addFolder(FolderService.java:46)\r\n	at cn.stylefeng.guns.modular.system.service.FolderServiceTTFastClassBySpringCGLIBTT5efac8c6.invoke(<generated>)\r\n	at org.springframework.cglib.proxy.MethodProxy.invoke(MethodProxy.java:218)\r\n	at org.springframework.aop.framework.CglibAopProxyTCglibMethodInvocation.invokeJoinpoint(CglibAopProxy.java:749)\r\n	at org.springframework.aop.framework.ReflectiveMethodInvocation.proceed(ReflectiveMethodInvocation.java:163)\r\n	at com.alibaba.druid.support.spring.stat.DruidStatInterceptor.invoke(DruidStatInterceptor.java:72)\r\n	at org.springframework.aop.framework.ReflectiveMethodInvocation.proceed(ReflectiveMethodInvocation.java:186)\r\n	at org.springframework.transaction.interceptor.TransactionAspectSupport.invokeWithinTransaction(TransactionAspectSupport.java:294)\r\n	at org.springframework.transaction.interceptor.TransactionInterceptor.invoke(TransactionInterceptor.java:98)\r\n	at org.springframework.aop.framework.ReflectiveMethodInvocation.proceed(ReflectiveMethodInvocation.java:186)\r\n	at org.springframework.aop.framework.CglibAopProxyTDynamicAdvisedInterceptor.intercept(CglibAopProxy.java:688)\r\n	at cn.stylefeng.guns.modular.system.service.FolderServiceTTEnhancerBySpringCGLIBTT115e778d.addFolder(<generated>)\r\n	at cn.stylefeng.guns.modular.system.controller.FolderController.add(FolderController.java:123)\r\n	at cn.stylefeng.guns.modular.system.controller.FolderControllerTTFastClassBySpringCGLIBTTc70baed4.invoke(<generated>)\r\n	at org.springframework.cglib.proxy.MethodProxy.invoke(MethodProxy.java:218)\r\n	at org.springframework.aop.framework.CglibAopProxyTCglibMethodInvocation.invokeJoinpoint(CglibAopProxy.java:749)\r\n	at org.springframework.aop.framework.ReflectiveMethodInvocation.proceed(ReflectiveMethodInvocation.java:163)\r\n	at org.springframework.aop.aspectj.MethodInvocationProceedingJoinPoint.proceed(MethodInvocationProceedingJoinPoint.java:88)\r\n	at cn.stylefeng.guns.core.interceptor.SessionHolderInterceptor.sessionKit(SessionHolderInterceptor.java:44)\r\n	at sun.reflect.NativeMethodAccessorImpl.invoke0(Native Method)\r\n	at sun.reflect.NativeMethodAccessorImpl.invoke(NativeMethodAccessorImpl.java:62)\r\n	at sun.reflect.DelegatingMethodAccessorImpl.invoke(DelegatingMethodAccessorImpl.java:43)\r\n	at java.lang.reflect.Method.invoke(Method.java:498)\r\n	at org.springframework.aop.aspectj.AbstractAspectJAdvice.invokeAdviceMethodWithGivenArgs(AbstractAspectJAdvice.java:644)\r\n	at org.springframework.aop.aspectj.AbstractAspectJAdvice.invokeAdviceMethod(AbstractAspectJAdvice.java:633)\r\n	at org.springframework.aop.aspectj.AspectJAroundAdvice.invoke(AspectJAroundAdvice.java:70)\r\n	at org.springframework.aop.framework.ReflectiveMethodInvocation.proceed(ReflectiveMethodInvocation.java:186)\r\n	at org.springframework.aop.aspectj.MethodInvocationProceedingJoinPoint.proceed(MethodInvocationProceedingJoinPoint.java:88)\r\n	at cn.stylefeng.guns.core.aop.LogAop.recordSysLog(LogAop.java:60)\r\n	at sun.reflect.NativeMethodAccessorImpl.invoke0(Native Method)\r\n	at sun.reflect.NativeMethodAccessorImpl.invoke(NativeMethodAccessorImpl.java:62)\r\n	at sun.reflect.DelegatingMethodAccessorImpl.invoke(DelegatingMethodAccessorImpl.java:43)\r\n	at java.lang.reflect.Method.invoke(Method.java:498)\r\n	at org.springframework.aop.aspectj.AbstractAspectJAdvice.invokeAdviceMethodWithGivenArgs(AbstractAspectJAdvice.java:644)\r\n	at org.springframework.aop.aspectj.AbstractAspectJAdvice.invokeAdviceMethod(AbstractAspectJAdvice.java:633)\r\n	at org.springframework.aop.aspectj.AspectJAroundAdvice.invoke(AspectJAroundAdvice.java:70)\r\n	at org.springframework.aop.framework.ReflectiveMethodInvocation.proceed(ReflectiveMethodInvocation.java:175)\r\n	at org.springframework.aop.aspectj.MethodInvocationProceedingJoinPoint.proceed(MethodInvocationProceedingJoinPoint.java:88)\r\n	at cn.stylefeng.guns.core.aop.PermissionAop.doPermission(PermissionAop.java:62)\r\n	at sun.reflect.NativeMethodAccessorImpl.invoke0(Native Method)\r\n	at sun.reflect.NativeMethodAccessorImpl.invoke(NativeMethodAccessorImpl.java:62)\r\n	at sun.reflect.DelegatingMethodAccessorImpl.invoke(DelegatingMethodAccessorImpl.java:43)\r\n	at java.lang.reflect.Method.invoke(Method.java:498)\r\n	at org.springframework.aop.aspectj.AbstractAspectJAdvice.invokeAdviceMethodWithGivenArgs(AbstractAspectJAdvice.java:644)\r\n	at org.springframework.aop.aspectj.AbstractAspectJAdvice.invokeAdviceMethod(AbstractAspectJAdvice.java:633)\r\n	at org.springframework.aop.aspectj.AspectJAroundAdvice.invoke(AspectJAroundAdvice.java:70)\r\n	at org.springframework.aop.framework.ReflectiveMethodInvocation.proceed(ReflectiveMethodInvocation.java:175)\r\n	at org.springframework.aop.interceptor.ExposeInvocationInterceptor.invoke(ExposeInvocationInterceptor.java:93)\r\n	at org.springframework.aop.framework.ReflectiveMethodInvocation.proceed(ReflectiveMethodInvocation.java:186)\r\n	at org.springframework.aop.framework.CglibAopProxyTDynamicAdvisedInterceptor.intercept(CglibAopProxy.java:688)\r\n	at cn.stylefeng.guns.modular.system.controller.FolderControllerTTEnhancerBySpringCGLIBTTb716a2be.add(<generated>)\r\n	at sun.reflect.NativeMethodAccessorImpl.invoke0(Native Method)\r\n	at sun.reflect.NativeMethodAccessorImpl.invoke(NativeMethodAccessorImpl.java:62)\r\n	at sun.reflect.DelegatingMethodAccessorImpl.invoke(DelegatingMethodAccessorImpl.java:43)\r\n	at java.lang.reflect.Method.invoke(Method.java:498)\r\n	at org.springframework.web.method.support.InvocableHandlerMethod.doInvoke(InvocableHandlerMethod.java:189)\r\n	at org.springframework.web.method.support.InvocableHandlerMethod.invokeForRequest(InvocableHandlerMethod.java:138)\r\n	at org.springframework.web.servlet.mvc.method.annotation.ServletInvocableHandlerMethod.invokeAndHandle(ServletInvocableHandlerMethod.java:102)\r\n	at org.springframework.web.servlet.mvc.method.annotation.RequestMappingHandlerAdapter.invokeHandlerMethod(RequestMappingHandlerAdapter.java:895)\r\n	at org.springframework.web.servlet.mvc.method.annotation.RequestMappingHandlerAdapter.handleInternal(RequestMappingHandlerAdapter.java:800)\r\n	at org.springframework.web.servlet.mvc.method.AbstractHandlerMethodAdapter.handle(AbstractHandlerMethodAdapter.java:87)\r\n	at org.springframework.web.servlet.DispatcherServlet.doDispatch(DispatcherServlet.java:1038)\r\n	at org.springframework.web.servlet.DispatcherServlet.doService(DispatcherServlet.java:942)\r\n	at org.springframework.web.servlet.FrameworkServlet.processRequest(FrameworkServlet.java:1005)\r\n	at org.springframework.web.servlet.FrameworkServlet.doPost(FrameworkServlet.java:908)\r\n	at javax.servlet.http.HttpServlet.service(HttpServlet.java:660)\r\n	at org.springframework.web.servlet.FrameworkServlet.service(FrameworkServlet.java:882)\r\n	at javax.servlet.http.HttpServlet.service(HttpServlet.java:741)\r\n	at org.apache.catalina.core.ApplicationFilterChain.internalDoFilter(ApplicationFilterChain.java:231)\r\n	at org.apache.catalina.core.ApplicationFilterChain.doFilter(ApplicationFilterChain.java:166)\r\n	at org.apache.tomcat.websocket.server.WsFilter.doFilter(WsFilter.java:53)\r\n	at org.apache.catalina.core.ApplicationFilterChain.internalDoFilter(ApplicationFilterChain.java:193)\r\n	at org.apache.catalina.core.ApplicationFilterChain.doFilter(ApplicationFilterChain.java:166)\r\n	at org.apache.shiro.web.servlet.ProxiedFilterChain.doFilter(ProxiedFilterChain.java:61)\r\n	at org.apache.shiro.web.servlet.AdviceFilter.executeChain(AdviceFilter.java:108)\r\n	at org.apache.shiro.web.servlet.AdviceFilter.doFilterInternal(AdviceFilter.java:137)\r\n	at org.apache.shiro.web.servlet.OncePerRequestFilter.doFilter(OncePerRequestFilter.java:125)\r\n	at org.apache.shiro.web.servlet.ProxiedFilterChain.doFilter(ProxiedFilterChain.java:66)\r\n	at org.apache.shiro.web.servlet.AbstractShiroFilter.executeChain(AbstractShiroFilter.java:449)\r\n	at org.apache.shiro.web.servlet.AbstractShiroFilterT1.call(AbstractShiroFilter.java:365)\r\n	at org.apache.shiro.subject.support.SubjectCallable.doCall(SubjectCallable.java:90)\r\n	at org.apache.shiro.subject.support.SubjectCallable.call(SubjectCallable.java:83)\r\n	at org.apache.shiro.subject.support.DelegatingSubject.execute(DelegatingSubject.java:387)\r\n	at org.apache.shiro.web.servlet.AbstractShiroFilter.doFilterInternal(AbstractShiroFilter.java:362)\r\n	at org.apache.shiro.web.servlet.OncePerRequestFilter.doFilter(OncePerRequestFilter.java:125)\r\n	at org.apache.catalina.core.ApplicationFilterChain.internalDoFilter(ApplicationFilterChain.java:193)\r\n	at org.apache.catalina.core.ApplicationFilterChain.doFilter(ApplicationFilterChain.java:166)\r\n	at cn.stylefeng.roses.core.xss.XssFilter.doFilter(XssFilter.java:31)\r\n	at org.apache.catalina.core.ApplicationFilterChain.internalDoFilter(ApplicationFilterChain.java:193)\r\n	at org.apache.catalina.core.ApplicationFilterChain.doFilter(ApplicationFilterChain.java:166)\r\n	at com.alibaba.druid.support.http.WebStatFilter.doFilter(WebStatFilter.java:123)\r\n	at org.apache.catalina.core.ApplicationFilterChain.internalDoFilter(ApplicationFilterChain.java:193)\r\n	at org.apache.catalina.core.ApplicationFilterChain.doFilter(ApplicationFilterChain.java:166)\r\n	at org.springframework.web.filter.RequestContextFilter.doFilterInternal(RequestContextFilter.java:99)\r\n	at org.springframework.web.filter.OncePerRequestFilter.doFilter(OncePerRequestFilter.java:107)\r\n	at org.apache.catalina.core.ApplicationFilterChain.internalDoFilter(ApplicationFilterChain.java:193)\r\n	at org.apache.catalina.core.ApplicationFilterChain.doFilter(ApplicationFilterChain.java:166)\r\n	at org.springframework.web.filter.FormContentFilter.doFilterInternal(FormContentFilter.java:92)\r\n	at org.springframework.web.filter.OncePerRequestFilter.doFilter(OncePerRequestFilter.java:107)\r\n	at org.apache.catalina.core.ApplicationFilterChain.internalDoFilter(ApplicationFilterChain.java:193)\r\n	at org.apache.catalina.core.ApplicationFilterChain.doFilter(ApplicationFilterChain.java:166)\r\n	at org.springframework.web.filter.HiddenHttpMethodFilter.doFilterInternal(HiddenHttpMethodFilter.java:93)\r\n	at org.springframework.web.filter.OncePerRequestFilter.doFilter(OncePerRequestFilter.java:107)\r\n	at org.apache.catalina.core.ApplicationFilterChain.internalDoFilter(ApplicationFilterChain.java:193)\r\n	at org.apache.catalina.core.ApplicationFilterChain.doFilter(ApplicationFilterChain.java:166)\r\n	at org.springframework.web.filter.CharacterEncodingFilter.doFilterInternal(CharacterEncodingFilter.java:200)\r\n	at org.springframework.web.filter.OncePerRequestFilter.doFilter(OncePerRequestFilter.java:107)\r\n	at org.apache.catalina.core.ApplicationFilterChain.internalDoFilter(ApplicationFilterChain.java:193)\r\n	at org.apache.catalina.core.ApplicationFilterChain.doFilter(ApplicationFilterChain.java:166)\r\n	at org.apache.catalina.core.StandardWrapperValve.invoke(StandardWrapperValve.java:199)\r\n	at org.apache.catalina.core.StandardContextValve.invoke(StandardContextValve.java:96)\r\n	at org.apache.catalina.authenticator.AuthenticatorBase.invoke(AuthenticatorBase.java:490)\r\n	at org.apache.catalina.core.StandardHostValve.invoke(StandardHostValve.java:139)\r\n	at org.apache.catalina.valves.ErrorReportValve.invoke(ErrorReportValve.java:92)\r\n	at org.apache.catalina.core.StandardEngineValve.invoke(StandardEngineValve.java:74)\r\n	at org.apache.catalina.connector.CoyoteAdapter.service(CoyoteAdapter.java:343)\r\n	at org.apache.coyote.http11.Http11Processor.service(Http11Processor.java:408)\r\n	at org.apache.coyote.AbstractProcessorLight.process(AbstractProcessorLight.java:66)\r\n	at org.apache.coyote.AbstractProtocolTConnectionHandler.process(AbstractProtocol.java:791)\r\n	at org.apache.tomcat.util.net.NioEndpointTSocketProcessor.doRun(NioEndpoint.java:1417)\r\n	at org.apache.tomcat.util.net.SocketProcessorBase.run(SocketProcessorBase.java:49)\r\n	at java.util.concurrent.ThreadPoolExecutor.runWorker(ThreadPoolExecutor.java:1142)\r\n	at java.util.concurrent.ThreadPoolExecutorTWorker.run(ThreadPoolExecutor.java:617)\r\n	at org.apache.tomcat.util.threads.TaskThreadTWrappingRunnable.run(TaskThread.java:61)\r\n	at java.lang.Thread.run(Thread.java:748)\r\n');
INSERT INTO `sys_operation_log` VALUES (1105486892226326529, '异常日志', '', 1, NULL, NULL, '2019-03-12 23:13:09', '失败', 'org.springframework.dao.RecoverableDataAccessException: \r\n### Error updating database.  Cause: com.mysql.cj.jdbc.exceptions.CommunicationsException: Communications link failure\n\nThe last packet successfully received from the server was 431,656 milliseconds ago.  The last packet sent successfully to the server was 19,160 milliseconds ago.\r\n### The error may involve cn.stylefeng.guns.modular.system.mapper.FolderMapper.insert-Inline\r\n### The error occurred while setting parameters\r\n### SQL: INSERT INTO sys_folder  ( FOLDER_ID, PID, PIDS, NAME, PATH, DESCRIPTION,  SORT, CREATE_TIME,  CREATE_USER )  VALUES  ( ?, ?, ?, ?, ?, ?,  ?, ?,  ? )\r\n### Cause: com.mysql.cj.jdbc.exceptions.CommunicationsException: Communications link failure\n\nThe last packet successfully received from the server was 431,656 milliseconds ago.  The last packet sent successfully to the server was 19,160 milliseconds ago.\n; Communications link failure\n\nThe last packet successfully received from the server was 431,656 milliseconds ago.  The last packet sent successfully to the server was 19,160 milliseconds ago.; nested exception is com.mysql.cj.jdbc.exceptions.CommunicationsException: Communications link failure\n\nThe last packet successfully received from the server was 431,656 milliseconds ago.  The last packet sent successfully to the server was 19,160 milliseconds ago.\r\n	at org.springframework.jdbc.support.SQLExceptionSubclassTranslator.doTranslate(SQLExceptionSubclassTranslator.java:100)\r\n	at org.springframework.jdbc.support.AbstractFallbackSQLExceptionTranslator.translate(AbstractFallbackSQLExceptionTranslator.java:72)\r\n	at org.springframework.jdbc.support.AbstractFallbackSQLExceptionTranslator.translate(AbstractFallbackSQLExceptionTranslator.java:81)\r\n	at org.mybatis.spring.MyBatisExceptionTranslator.translateExceptionIfPossible(MyBatisExceptionTranslator.java:73)\r\n	at org.mybatis.spring.SqlSessionTemplateTSqlSessionInterceptor.invoke(SqlSessionTemplate.java:446)\r\n	at com.sun.proxy.TProxy104.insert(Unknown Source)\r\n	at org.mybatis.spring.SqlSessionTemplate.insert(SqlSessionTemplate.java:278)\r\n	at com.baomidou.mybatisplus.core.override.PageMapperMethod.execute(PageMapperMethod.java:68)\r\n	at com.baomidou.mybatisplus.core.override.PageMapperProxy.invoke(PageMapperProxy.java:64)\r\n	at com.sun.proxy.TProxy107.insert(Unknown Source)\r\n	at com.baomidou.mybatisplus.extension.service.impl.ServiceImpl.save(ServiceImpl.java:105)\r\n	at cn.stylefeng.guns.modular.system.service.FolderService.addFolder(Unknown Source)\r\n	at cn.stylefeng.guns.modular.system.service.FolderServiceTTFastClassBySpringCGLIBTT5efac8c6.invoke(<generated>)\r\n	at org.springframework.cglib.proxy.MethodProxy.invoke(MethodProxy.java:218)\r\n	at org.springframework.aop.framework.CglibAopProxyTCglibMethodInvocation.invokeJoinpoint(CglibAopProxy.java:749)\r\n	at org.springframework.aop.framework.ReflectiveMethodInvocation.proceed(ReflectiveMethodInvocation.java:163)\r\n	at com.alibaba.druid.support.spring.stat.DruidStatInterceptor.invoke(DruidStatInterceptor.java:72)\r\n	at org.springframework.aop.framework.ReflectiveMethodInvocation.proceed(ReflectiveMethodInvocation.java:186)\r\n	at org.springframework.transaction.interceptor.TransactionAspectSupport.invokeWithinTransaction(TransactionAspectSupport.java:294)\r\n	at org.springframework.transaction.interceptor.TransactionInterceptor.invoke(TransactionInterceptor.java:98)\r\n	at org.springframework.aop.framework.ReflectiveMethodInvocation.proceed(ReflectiveMethodInvocation.java:186)\r\n	at org.springframework.aop.framework.CglibAopProxyTDynamicAdvisedInterceptor.intercept(CglibAopProxy.java:688)\r\n	at cn.stylefeng.guns.modular.system.service.FolderServiceTTEnhancerBySpringCGLIBTT115e778d.addFolder(<generated>)\r\n	at cn.stylefeng.guns.modular.system.controller.FolderController.add(FolderController.java:123)\r\n	at cn.stylefeng.guns.modular.system.controller.FolderControllerTTFastClassBySpringCGLIBTTc70baed4.invoke(<generated>)\r\n	at org.springframework.cglib.proxy.MethodProxy.invoke(MethodProxy.java:218)\r\n	at org.springframework.aop.framework.CglibAopProxyTCglibMethodInvocation.invokeJoinpoint(CglibAopProxy.java:749)\r\n	at org.springframework.aop.framework.ReflectiveMethodInvocation.proceed(ReflectiveMethodInvocation.java:163)\r\n	at org.springframework.aop.aspectj.MethodInvocationProceedingJoinPoint.proceed(MethodInvocationProceedingJoinPoint.java:88)\r\n	at cn.stylefeng.guns.core.interceptor.SessionHolderInterceptor.sessionKit(SessionHolderInterceptor.java:44)\r\n	at sun.reflect.GeneratedMethodAccessor95.invoke(Unknown Source)\r\n	at sun.reflect.DelegatingMethodAccessorImpl.invoke(DelegatingMethodAccessorImpl.java:43)\r\n	at java.lang.reflect.Method.invoke(Method.java:498)\r\n	at org.springframework.aop.aspectj.AbstractAspectJAdvice.invokeAdviceMethodWithGivenArgs(AbstractAspectJAdvice.java:644)\r\n	at org.springframework.aop.aspectj.AbstractAspectJAdvice.invokeAdviceMethod(AbstractAspectJAdvice.java:633)\r\n	at org.springframework.aop.aspectj.AspectJAroundAdvice.invoke(AspectJAroundAdvice.java:70)\r\n	at org.springframework.aop.framework.ReflectiveMethodInvocation.proceed(ReflectiveMethodInvocation.java:186)\r\n	at org.springframework.aop.aspectj.MethodInvocationProceedingJoinPoint.proceed(MethodInvocationProceedingJoinPoint.java:88)\r\n	at cn.stylefeng.guns.core.aop.LogAop.recordSysLog(LogAop.java:60)\r\n	at sun.reflect.NativeMethodAccessorImpl.invoke0(Native Method)\r\n	at sun.reflect.NativeMethodAccessorImpl.invoke(NativeMethodAccessorImpl.java:62)\r\n	at sun.reflect.DelegatingMethodAccessorImpl.invoke(DelegatingMethodAccessorImpl.java:43)\r\n	at java.lang.reflect.Method.invoke(Method.java:498)\r\n	at org.springframework.aop.aspectj.AbstractAspectJAdvice.invokeAdviceMethodWithGivenArgs(AbstractAspectJAdvice.java:644)\r\n	at org.springframework.aop.aspectj.AbstractAspectJAdvice.invokeAdviceMethod(AbstractAspectJAdvice.java:633)\r\n	at org.springframework.aop.aspectj.AspectJAroundAdvice.invoke(AspectJAroundAdvice.java:70)\r\n	at org.springframework.aop.framework.ReflectiveMethodInvocation.proceed(ReflectiveMethodInvocation.java:175)\r\n	at org.springframework.aop.aspectj.MethodInvocationProceedingJoinPoint.proceed(MethodInvocationProceedingJoinPoint.java:88)\r\n	at cn.stylefeng.guns.core.aop.PermissionAop.doPermission(PermissionAop.java:62)\r\n	at sun.reflect.NativeMethodAccessorImpl.invoke0(Native Method)\r\n	at sun.reflect.NativeMethodAccessorImpl.invoke(NativeMethodAccessorImpl.java:62)\r\n	at sun.reflect.DelegatingMethodAccessorImpl.invoke(DelegatingMethodAccessorImpl.java:43)\r\n	at java.lang.reflect.Method.invoke(Method.java:498)\r\n	at org.springframework.aop.aspectj.AbstractAspectJAdvice.invokeAdviceMethodWithGivenArgs(AbstractAspectJAdvice.java:644)\r\n	at org.springframework.aop.aspectj.AbstractAspectJAdvice.invokeAdviceMethod(AbstractAspectJAdvice.java:633)\r\n	at org.springframework.aop.aspectj.AspectJAroundAdvice.invoke(AspectJAroundAdvice.java:70)\r\n	at org.springframework.aop.framework.ReflectiveMethodInvocation.proceed(ReflectiveMethodInvocation.java:175)\r\n	at org.springframework.aop.interceptor.ExposeInvocationInterceptor.invoke(ExposeInvocationInterceptor.java:93)\r\n	at org.springframework.aop.framework.ReflectiveMethodInvocation.proceed(ReflectiveMethodInvocation.java:186)\r\n	at org.springframework.aop.framework.CglibAopProxyTDynamicAdvisedInterceptor.intercept(CglibAopProxy.java:688)\r\n	at cn.stylefeng.guns.modular.system.controller.FolderControllerTTEnhancerBySpringCGLIBTTb716a2be.add(<generated>)\r\n	at sun.reflect.NativeMethodAccessorImpl.invoke0(Native Method)\r\n	at sun.reflect.NativeMethodAccessorImpl.invoke(NativeMethodAccessorImpl.java:62)\r\n	at sun.reflect.DelegatingMethodAccessorImpl.invoke(DelegatingMethodAccessorImpl.java:43)\r\n	at java.lang.reflect.Method.invoke(Method.java:498)\r\n	at org.springframework.web.method.support.InvocableHandlerMethod.doInvoke(InvocableHandlerMethod.java:189)\r\n	at org.springframework.web.method.support.InvocableHandlerMethod.invokeForRequest(InvocableHandlerMethod.java:138)\r\n	at org.springframework.web.servlet.mvc.method.annotation.ServletInvocableHandlerMethod.invokeAndHandle(ServletInvocableHandlerMethod.java:102)\r\n	at org.springframework.web.servlet.mvc.method.annotation.RequestMappingHandlerAdapter.invokeHandlerMethod(RequestMappingHandlerAdapter.java:895)\r\n	at org.springframework.web.servlet.mvc.method.annotation.RequestMappingHandlerAdapter.handleInternal(RequestMappingHandlerAdapter.java:800)\r\n	at org.springframework.web.servlet.mvc.method.AbstractHandlerMethodAdapter.handle(AbstractHandlerMethodAdapter.java:87)\r\n	at org.springframework.web.servlet.DispatcherServlet.doDispatch(DispatcherServlet.java:1038)\r\n	at org.springframework.web.servlet.DispatcherServlet.doService(DispatcherServlet.java:942)\r\n	at org.springframework.web.servlet.FrameworkServlet.processRequest(FrameworkServlet.java:1005)\r\n	at org.springframework.web.servlet.FrameworkServlet.doPost(FrameworkServlet.java:908)\r\n	at javax.servlet.http.HttpServlet.service(HttpServlet.java:660)\r\n	at org.springframework.web.servlet.FrameworkServlet.service(FrameworkServlet.java:882)\r\n	at javax.servlet.http.HttpServlet.service(HttpServlet.java:741)\r\n	at org.apache.catalina.core.ApplicationFilterChain.internalDoFilter(ApplicationFilterChain.java:231)\r\n	at org.apache.catalina.core.ApplicationFilterChain.doFilter(ApplicationFilterChain.java:166)\r\n	at org.apache.tomcat.websocket.server.WsFilter.doFilter(WsFilter.java:53)\r\n	at org.apache.catalina.core.ApplicationFilterChain.internalDoFilter(ApplicationFilterChain.java:193)\r\n	at org.apache.catalina.core.ApplicationFilterChain.doFilter(ApplicationFilterChain.java:166)\r\n	at org.apache.shiro.web.servlet.ProxiedFilterChain.doFilter(ProxiedFilterChain.java:61)\r\n	at org.apache.shiro.web.servlet.AdviceFilter.executeChain(AdviceFilter.java:108)\r\n	at org.apache.shiro.web.servlet.AdviceFilter.doFilterInternal(AdviceFilter.java:137)\r\n	at org.apache.shiro.web.servlet.OncePerRequestFilter.doFilter(OncePerRequestFilter.java:125)\r\n	at org.apache.shiro.web.servlet.ProxiedFilterChain.doFilter(ProxiedFilterChain.java:66)\r\n	at org.apache.shiro.web.servlet.AbstractShiroFilter.executeChain(AbstractShiroFilter.java:449)\r\n	at org.apache.shiro.web.servlet.AbstractShiroFilterT1.call(AbstractShiroFilter.java:365)\r\n	at org.apache.shiro.subject.support.SubjectCallable.doCall(SubjectCallable.java:90)\r\n	at org.apache.shiro.subject.support.SubjectCallable.call(SubjectCallable.java:83)\r\n	at org.apache.shiro.subject.support.DelegatingSubject.execute(DelegatingSubject.java:387)\r\n	at org.apache.shiro.web.servlet.AbstractShiroFilter.doFilterInternal(AbstractShiroFilter.java:362)\r\n	at org.apache.shiro.web.servlet.OncePerRequestFilter.doFilter(OncePerRequestFilter.java:125)\r\n	at org.apache.catalina.core.ApplicationFilterChain.internalDoFilter(ApplicationFilterChain.java:193)\r\n	at org.apache.catalina.core.ApplicationFilterChain.doFilter(ApplicationFilterChain.java:166)\r\n	at cn.stylefeng.roses.core.xss.XssFilter.doFilter(XssFilter.java:31)\r\n	at org.apache.catalina.core.ApplicationFilterChain.internalDoFilter(ApplicationFilterChain.java:193)\r\n	at org.apache.catalina.core.ApplicationFilterChain.doFilter(ApplicationFilterChain.java:166)\r\n	at com.alibaba.druid.support.http.WebStatFilter.doFilter(WebStatFilter.java:123)\r\n	at org.apache.catalina.core.ApplicationFilterChain.internalDoFilter(ApplicationFilterChain.java:193)\r\n	at org.apache.catalina.core.ApplicationFilterChain.doFilter(ApplicationFilterChain.java:166)\r\n	at org.springframework.web.filter.RequestContextFilter.doFilterInternal(RequestContextFilter.java:99)\r\n	at org.springframework.web.filter.OncePerRequestFilter.doFilter(OncePerRequestFilter.java:107)\r\n	at org.apache.catalina.core.ApplicationFilterChain.internalDoFilter(ApplicationFilterChain.java:193)\r\n	at org.apache.catalina.core.ApplicationFilterChain.doFilter(ApplicationFilterChain.java:166)\r\n	at org.springframework.web.filter.FormContentFilter.doFilterInternal(FormContentFilter.java:92)\r\n	at org.springframework.web.filter.OncePerRequestFilter.doFilter(OncePerRequestFilter.java:107)\r\n	at org.apache.catalina.core.ApplicationFilterChain.internalDoFilter(ApplicationFilterChain.java:193)\r\n	at org.apache.catalina.core.ApplicationFilterChain.doFilter(ApplicationFilterChain.java:166)\r\n	at org.springframework.web.filter.HiddenHttpMethodFilter.doFilterInternal(HiddenHttpMethodFilter.java:93)\r\n	at org.springframework.web.filter.OncePerRequestFilter.doFilter(OncePerRequestFilter.java:107)\r\n	at org.apache.catalina.core.ApplicationFilterChain.internalDoFilter(ApplicationFilterChain.java:193)\r\n	at org.apache.catalina.core.ApplicationFilterChain.doFilter(ApplicationFilterChain.java:166)\r\n	at org.springframework.web.filter.CharacterEncodingFilter.doFilterInternal(CharacterEncodingFilter.java:200)\r\n	at org.springframework.web.filter.OncePerRequestFilter.doFilter(OncePerRequestFilter.java:107)\r\n	at org.apache.catalina.core.ApplicationFilterChain.internalDoFilter(ApplicationFilterChain.java:193)\r\n	at org.apache.catalina.core.ApplicationFilterChain.doFilter(ApplicationFilterChain.java:166)\r\n	at org.apache.catalina.core.StandardWrapperValve.invoke(StandardWrapperValve.java:199)\r\n	at org.apache.catalina.core.StandardContextValve.invoke(StandardContextValve.java:96)\r\n	at org.apache.catalina.authenticator.AuthenticatorBase.invoke(AuthenticatorBase.java:490)\r\n	at org.apache.catalina.core.StandardHostValve.invoke(StandardHostValve.java:139)\r\n	at org.apache.catalina.valves.ErrorReportValve.invoke(ErrorReportValve.java:92)\r\n	at org.apache.catalina.core.StandardEngineValve.invoke(StandardEngineValve.java:74)\r\n	at org.apache.catalina.connector.CoyoteAdapter.service(CoyoteAdapter.java:343)\r\n	at org.apache.coyote.http11.Http11Processor.service(Http11Processor.java:408)\r\n	at org.apache.coyote.AbstractProcessorLight.process(AbstractProcessorLight.java:66)\r\n	at org.apache.coyote.AbstractProtocolTConnectionHandler.process(AbstractProtocol.java:791)\r\n	at org.apache.tomcat.util.net.NioEndpointTSocketProcessor.doRun(NioEndpoint.java:1417)\r\n	at org.apache.tomcat.util.net.SocketProcessorBase.run(SocketProcessorBase.java:49)\r\n	at java.util.concurrent.ThreadPoolExecutor.runWorker(ThreadPoolExecutor.java:1142)\r\n	at java.util.concurrent.ThreadPoolExecutorTWorker.run(ThreadPoolExecutor.java:617)\r\n	at org.apache.tomcat.util.threads.TaskThreadTWrappingRunnable.run(TaskThread.java:61)\r\n	at java.lang.Thread.run(Thread.java:748)\r\nCaused by: com.mysql.cj.jdbc.exceptions.CommunicationsException: Communications link failure\n\nThe last packet successfully received from the server was 431,656 milliseconds ago.  The last packet sent successfully to the server was 19,160 milliseconds ago.\r\n	at com.mysql.cj.jdbc.exceptions.SQLError.createCommunicationsException(SQLError.java:172)\r\n	at com.mysql.cj.jdbc.exceptions.SQLExceptionsMapping.translateException(SQLExceptionsMapping.java:64)\r\n	at com.mysql.cj.jdbc.ConnectionImpl.isReadOnly(ConnectionImpl.java:1518)\r\n	at com.mysql.cj.jdbc.ConnectionImpl.isReadOnly(ConnectionImpl.java:1487)\r\n	at com.mysql.cj.jdbc.ClientPreparedStatement.checkReadOnlySafeStatement(ClientPreparedStatement.java:314)\r\n	at com.mysql.cj.jdbc.ClientPreparedStatement.execute(ClientPreparedStatement.java:334)\r\n	at com.alibaba.druid.filter.FilterChainImpl.preparedStatement_execute(FilterChainImpl.java:3409)\r\n	at com.alibaba.druid.filter.FilterEventAdapter.preparedStatement_execute(FilterEventAdapter.java:440)\r\n	at com.alibaba.druid.filter.FilterChainImpl.preparedStatement_execute(FilterChainImpl.java:3407)\r\n	at com.alibaba.druid.wall.WallFilter.preparedStatement_execute(WallFilter.java:620)\r\n	at com.alibaba.druid.filter.FilterChainImpl.preparedStatement_execute(FilterChainImpl.java:3407)\r\n	at com.alibaba.druid.proxy.jdbc.PreparedStatementProxyImpl.execute(PreparedStatementProxyImpl.java:167)\r\n	at com.alibaba.druid.pool.DruidPooledPreparedStatement.execute(DruidPooledPreparedStatement.java:498)\r\n	at sun.reflect.GeneratedMethodAccessor96.invoke(Unknown Source)\r\n	at sun.reflect.DelegatingMethodAccessorImpl.invoke(DelegatingMethodAccessorImpl.java:43)\r\n	at java.lang.reflect.Method.invoke(Method.java:498)\r\n	at org.apache.ibatis.logging.jdbc.PreparedStatementLogger.invoke(PreparedStatementLogger.java:59)\r\n	at com.sun.proxy.TProxy129.execute(Unknown Source)\r\n	at org.apache.ibatis.executor.statement.PreparedStatementHandler.update(PreparedStatementHandler.java:46)\r\n	at org.apache.ibatis.executor.statement.RoutingStatementHandler.update(RoutingStatementHandler.java:74)\r\n	at sun.reflect.NativeMethodAccessorImpl.invoke0(Native Method)\r\n	at sun.reflect.NativeMethodAccessorImpl.invoke(NativeMethodAccessorImpl.java:62)\r\n	at sun.reflect.DelegatingMethodAccessorImpl.invoke(DelegatingMethodAccessorImpl.java:43)\r\n	at java.lang.reflect.Method.invoke(Method.java:498)\r\n	at org.apache.ibatis.plugin.Plugin.invoke(Plugin.java:63)\r\n	at com.sun.proxy.TProxy127.update(Unknown Source)\r\n	at sun.reflect.NativeMethodAccessorImpl.invoke0(Native Method)\r\n	at sun.reflect.NativeMethodAccessorImpl.invoke(NativeMethodAccessorImpl.java:62)\r\n	at sun.reflect.DelegatingMethodAccessorImpl.invoke(DelegatingMethodAccessorImpl.java:43)\r\n	at java.lang.reflect.Method.invoke(Method.java:498)\r\n	at org.apache.ibatis.plugin.Plugin.invoke(Plugin.java:63)\r\n	at com.sun.proxy.TProxy127.update(Unknown Source)\r\n	at org.apache.ibatis.executor.SimpleExecutor.doUpdate(SimpleExecutor.java:50)\r\n	at org.apache.ibatis.executor.BaseExecutor.update(BaseExecutor.java:117)\r\n	at org.apache.ibatis.executor.CachingExecutor.update(CachingExecutor.java:76)\r\n	at sun.reflect.NativeMethodAccessorImpl.invoke0(Native Method)\r\n	at sun.reflect.NativeMethodAccessorImpl.invoke(NativeMethodAccessorImpl.java:62)\r\n	at sun.reflect.DelegatingMethodAccessorImpl.invoke(DelegatingMethodAccessorImpl.java:43)\r\n	at java.lang.reflect.Method.invoke(Method.java:498)\r\n	at org.apache.ibatis.plugin.Invocation.proceed(Invocation.java:49)\r\n	at com.baomidou.mybatisplus.extension.plugins.OptimisticLockerInterceptor.intercept(OptimisticLockerInterceptor.java:76)\r\n	at org.apache.ibatis.plugin.Plugin.invoke(Plugin.java:61)\r\n	at com.sun.proxy.TProxy126.update(Unknown Source)\r\n	at org.apache.ibatis.session.defaults.DefaultSqlSession.update(DefaultSqlSession.java:198)\r\n	at org.apache.ibatis.session.defaults.DefaultSqlSession.insert(DefaultSqlSession.java:185)\r\n	at sun.reflect.NativeMethodAccessorImpl.invoke0(Native Method)\r\n	at sun.reflect.NativeMethodAccessorImpl.invoke(NativeMethodAccessorImpl.java:62)\r\n	at sun.reflect.DelegatingMethodAccessorImpl.invoke(DelegatingMethodAccessorImpl.java:43)\r\n	at java.lang.reflect.Method.invoke(Method.java:498)\r\n	at org.mybatis.spring.SqlSessionTemplateTSqlSessionInterceptor.invoke(SqlSessionTemplate.java:433)\r\n	... 130 more\r\nCaused by: com.mysql.cj.exceptions.CJCommunicationsException: Communications link failure\n\nThe last packet successfully received from the server was 431,656 milliseconds ago.  The last packet sent successfully to the server was 19,160 milliseconds ago.\r\n	at sun.reflect.NativeConstructorAccessorImpl.newInstance0(Native Method)\r\n	at sun.reflect.NativeConstructorAccessorImpl.newInstance(NativeConstructorAccessorImpl.java:62)\r\n	at sun.reflect.DelegatingConstructorAccessorImpl.newInstance(DelegatingConstructorAccessorImpl.java:45)\r\n	at java.lang.reflect.Constructor.newInstance(Constructor.java:423)\r\n	at com.mysql.cj.exceptions.ExceptionFactory.createException(ExceptionFactory.java:59)\r\n	at com.mysql.cj.exceptions.ExceptionFactory.createException(ExceptionFactory.java:103)\r\n	at com.mysql.cj.exceptions.ExceptionFactory.createException(ExceptionFactory.java:149)\r\n	at com.mysql.cj.exceptions.ExceptionFactory.createCommunicationsException(ExceptionFactory.java:165)\r\n	at com.mysql.cj.protocol.a.NativeProtocol.readMessage(NativeProtocol.java:563)\r\n	at com.mysql.cj.protocol.a.NativeProtocol.checkErrorMessage(NativeProtocol.java:735)\r\n	at com.mysql.cj.protocol.a.NativeProtocol.sendCommand(NativeProtocol.java:674)\r\n	at com.mysql.cj.protocol.a.NativeProtocol.sendCommand(NativeProtocol.java:135)\r\n	at com.mysql.cj.NativeSession.sendCommand(NativeSession.java:319)\r\n	at com.mysql.cj.NativeSession.queryServerVariable(NativeSession.java:1099)\r\n	at com.mysql.cj.jdbc.ConnectionImpl.isReadOnly(ConnectionImpl.java:1505)\r\n	... 177 more\r\nCaused by: java.net.SocketTimeoutException: Read timed out\r\n	at java.net.SocketInputStream.socketRead0(Native Method)\r\n	at java.net.SocketInputStream.socketRead(SocketInputStream.java:116)\r\n	at java.net.SocketInputStream.read(SocketInputStream.java:171)\r\n	at java.net.SocketInputStream.read(SocketInputStream.java:141)\r\n	at com.mysql.cj.protocol.ReadAheadInputStream.fill(ReadAheadInputStream.java:107)\r\n	at com.mysql.cj.protocol.ReadAheadInputStream.readFromUnderlyingStreamIfNecessary(ReadAheadInputStream.java:150)\r\n	at com.mysql.cj.protocol.ReadAheadInputStream.read(ReadAheadInputStream.java:180)\r\n	at java.io.FilterInputStream.read(FilterInputStream.java:133)\r\n	at com.mysql.cj.protocol.FullReadInputStream.readFully(FullReadInputStream.java:64)\r\n	at com.mysql.cj.protocol.a.SimplePacketReader.readHeader(SimplePacketReader.java:63)\r\n	at com.mysql.cj.protocol.a.SimplePacketReader.readHeader(SimplePacketReader.java:45)\r\n	at com.mysql.cj.protocol.a.TimeTrackingPacketReader.readHeader(TimeTrackingPacketReader.java:52)\r\n	at com.mysql.cj.protocol.a.TimeTrackingPacketReader.readHeader(TimeTrackingPacketReader.java:41)\r\n	at com.mysql.cj.protocol.a.MultiPacketReader.readHeader(MultiPacketReader.java:54)\r\n	at com.mysql.cj.protocol.a.MultiPacketReader.readHeader(MultiPacketReader.java:44)\r\n	at com.mysql.cj.protocol.a.NativeProtocol.readMessage(NativeProtocol.java:557)\r\n	... 183 more\r\n');
INSERT INTO `sys_operation_log` VALUES (1105487183109697538, '业务日志', '添加目录', 1, 'cn.stylefeng.guns.modular.system.controller.FolderController', 'add', '2019-03-12 23:14:18', '成功', 'null=null');
INSERT INTO `sys_operation_log` VALUES (1105487412382937089, '业务日志', '添加目录', 1, 'cn.stylefeng.guns.modular.system.controller.FolderController', 'add', '2019-03-12 23:15:13', '成功', 'null=null');
INSERT INTO `sys_operation_log` VALUES (1105488859526868994, '异常日志', '', 1, NULL, NULL, '2019-03-12 23:20:58', '失败', 'org.springframework.dao.RecoverableDataAccessException: \r\n### Error updating database.  Cause: com.mysql.cj.jdbc.exceptions.CommunicationsException: Communications link failure\n\nThe last packet successfully received from the server was 277,576 milliseconds ago.  The last packet sent successfully to the server was 19,165 milliseconds ago.\r\n### The error may involve cn.stylefeng.guns.modular.system.mapper.FolderMapper.insert-Inline\r\n### The error occurred while setting parameters\r\n### SQL: INSERT INTO sys_folder  ( FOLDER_ID, PID, PIDS, NAME, PATH, DESCRIPTION,  SORT, CREATE_TIME,  CREATE_USER )  VALUES  ( ?, ?, ?, ?, ?, ?,  ?, ?,  ? )\r\n### Cause: com.mysql.cj.jdbc.exceptions.CommunicationsException: Communications link failure\n\nThe last packet successfully received from the server was 277,576 milliseconds ago.  The last packet sent successfully to the server was 19,165 milliseconds ago.\n; Communications link failure\n\nThe last packet successfully received from the server was 277,576 milliseconds ago.  The last packet sent successfully to the server was 19,165 milliseconds ago.; nested exception is com.mysql.cj.jdbc.exceptions.CommunicationsException: Communications link failure\n\nThe last packet successfully received from the server was 277,576 milliseconds ago.  The last packet sent successfully to the server was 19,165 milliseconds ago.\r\n	at org.springframework.jdbc.support.SQLExceptionSubclassTranslator.doTranslate(SQLExceptionSubclassTranslator.java:100)\r\n	at org.springframework.jdbc.support.AbstractFallbackSQLExceptionTranslator.translate(AbstractFallbackSQLExceptionTranslator.java:72)\r\n	at org.springframework.jdbc.support.AbstractFallbackSQLExceptionTranslator.translate(AbstractFallbackSQLExceptionTranslator.java:81)\r\n	at org.mybatis.spring.MyBatisExceptionTranslator.translateExceptionIfPossible(MyBatisExceptionTranslator.java:73)\r\n	at org.mybatis.spring.SqlSessionTemplateTSqlSessionInterceptor.invoke(SqlSessionTemplate.java:446)\r\n	at com.sun.proxy.TProxy104.insert(Unknown Source)\r\n	at org.mybatis.spring.SqlSessionTemplate.insert(SqlSessionTemplate.java:278)\r\n	at com.baomidou.mybatisplus.core.override.PageMapperMethod.execute(PageMapperMethod.java:68)\r\n	at com.baomidou.mybatisplus.core.override.PageMapperProxy.invoke(PageMapperProxy.java:64)\r\n	at com.sun.proxy.TProxy107.insert(Unknown Source)\r\n	at com.baomidou.mybatisplus.extension.service.impl.ServiceImpl.save(ServiceImpl.java:105)\r\n	at cn.stylefeng.guns.modular.system.service.FolderService.addFolder(Unknown Source)\r\n	at cn.stylefeng.guns.modular.system.service.FolderServiceTTFastClassBySpringCGLIBTT5efac8c6.invoke(<generated>)\r\n	at org.springframework.cglib.proxy.MethodProxy.invoke(MethodProxy.java:218)\r\n	at org.springframework.aop.framework.CglibAopProxyTCglibMethodInvocation.invokeJoinpoint(CglibAopProxy.java:749)\r\n	at org.springframework.aop.framework.ReflectiveMethodInvocation.proceed(ReflectiveMethodInvocation.java:163)\r\n	at com.alibaba.druid.support.spring.stat.DruidStatInterceptor.invoke(DruidStatInterceptor.java:72)\r\n	at org.springframework.aop.framework.ReflectiveMethodInvocation.proceed(ReflectiveMethodInvocation.java:186)\r\n	at org.springframework.transaction.interceptor.TransactionAspectSupport.invokeWithinTransaction(TransactionAspectSupport.java:294)\r\n	at org.springframework.transaction.interceptor.TransactionInterceptor.invoke(TransactionInterceptor.java:98)\r\n	at org.springframework.aop.framework.ReflectiveMethodInvocation.proceed(ReflectiveMethodInvocation.java:186)\r\n	at org.springframework.aop.framework.CglibAopProxyTDynamicAdvisedInterceptor.intercept(CglibAopProxy.java:688)\r\n	at cn.stylefeng.guns.modular.system.service.FolderServiceTTEnhancerBySpringCGLIBTT115e778d.addFolder(<generated>)\r\n	at cn.stylefeng.guns.modular.system.controller.FolderController.add(FolderController.java:123)\r\n	at cn.stylefeng.guns.modular.system.controller.FolderControllerTTFastClassBySpringCGLIBTTc70baed4.invoke(<generated>)\r\n	at org.springframework.cglib.proxy.MethodProxy.invoke(MethodProxy.java:218)\r\n	at org.springframework.aop.framework.CglibAopProxyTCglibMethodInvocation.invokeJoinpoint(CglibAopProxy.java:749)\r\n	at org.springframework.aop.framework.ReflectiveMethodInvocation.proceed(ReflectiveMethodInvocation.java:163)\r\n	at org.springframework.aop.aspectj.MethodInvocationProceedingJoinPoint.proceed(MethodInvocationProceedingJoinPoint.java:88)\r\n	at cn.stylefeng.guns.core.interceptor.SessionHolderInterceptor.sessionKit(SessionHolderInterceptor.java:44)\r\n	at sun.reflect.GeneratedMethodAccessor95.invoke(Unknown Source)\r\n	at sun.reflect.DelegatingMethodAccessorImpl.invoke(DelegatingMethodAccessorImpl.java:43)\r\n	at java.lang.reflect.Method.invoke(Method.java:498)\r\n	at org.springframework.aop.aspectj.AbstractAspectJAdvice.invokeAdviceMethodWithGivenArgs(AbstractAspectJAdvice.java:644)\r\n	at org.springframework.aop.aspectj.AbstractAspectJAdvice.invokeAdviceMethod(AbstractAspectJAdvice.java:633)\r\n	at org.springframework.aop.aspectj.AspectJAroundAdvice.invoke(AspectJAroundAdvice.java:70)\r\n	at org.springframework.aop.framework.ReflectiveMethodInvocation.proceed(ReflectiveMethodInvocation.java:186)\r\n	at org.springframework.aop.aspectj.MethodInvocationProceedingJoinPoint.proceed(MethodInvocationProceedingJoinPoint.java:88)\r\n	at cn.stylefeng.guns.core.aop.LogAop.recordSysLog(LogAop.java:60)\r\n	at sun.reflect.NativeMethodAccessorImpl.invoke0(Native Method)\r\n	at sun.reflect.NativeMethodAccessorImpl.invoke(NativeMethodAccessorImpl.java:62)\r\n	at sun.reflect.DelegatingMethodAccessorImpl.invoke(DelegatingMethodAccessorImpl.java:43)\r\n	at java.lang.reflect.Method.invoke(Method.java:498)\r\n	at org.springframework.aop.aspectj.AbstractAspectJAdvice.invokeAdviceMethodWithGivenArgs(AbstractAspectJAdvice.java:644)\r\n	at org.springframework.aop.aspectj.AbstractAspectJAdvice.invokeAdviceMethod(AbstractAspectJAdvice.java:633)\r\n	at org.springframework.aop.aspectj.AspectJAroundAdvice.invoke(AspectJAroundAdvice.java:70)\r\n	at org.springframework.aop.framework.ReflectiveMethodInvocation.proceed(ReflectiveMethodInvocation.java:175)\r\n	at org.springframework.aop.aspectj.MethodInvocationProceedingJoinPoint.proceed(MethodInvocationProceedingJoinPoint.java:88)\r\n	at cn.stylefeng.guns.core.aop.PermissionAop.doPermission(PermissionAop.java:62)\r\n	at sun.reflect.NativeMethodAccessorImpl.invoke0(Native Method)\r\n	at sun.reflect.NativeMethodAccessorImpl.invoke(NativeMethodAccessorImpl.java:62)\r\n	at sun.reflect.DelegatingMethodAccessorImpl.invoke(DelegatingMethodAccessorImpl.java:43)\r\n	at java.lang.reflect.Method.invoke(Method.java:498)\r\n	at org.springframework.aop.aspectj.AbstractAspectJAdvice.invokeAdviceMethodWithGivenArgs(AbstractAspectJAdvice.java:644)\r\n	at org.springframework.aop.aspectj.AbstractAspectJAdvice.invokeAdviceMethod(AbstractAspectJAdvice.java:633)\r\n	at org.springframework.aop.aspectj.AspectJAroundAdvice.invoke(AspectJAroundAdvice.java:70)\r\n	at org.springframework.aop.framework.ReflectiveMethodInvocation.proceed(ReflectiveMethodInvocation.java:175)\r\n	at org.springframework.aop.interceptor.ExposeInvocationInterceptor.invoke(ExposeInvocationInterceptor.java:93)\r\n	at org.springframework.aop.framework.ReflectiveMethodInvocation.proceed(ReflectiveMethodInvocation.java:186)\r\n	at org.springframework.aop.framework.CglibAopProxyTDynamicAdvisedInterceptor.intercept(CglibAopProxy.java:688)\r\n	at cn.stylefeng.guns.modular.system.controller.FolderControllerTTEnhancerBySpringCGLIBTTb716a2be.add(<generated>)\r\n	at sun.reflect.NativeMethodAccessorImpl.invoke0(Native Method)\r\n	at sun.reflect.NativeMethodAccessorImpl.invoke(NativeMethodAccessorImpl.java:62)\r\n	at sun.reflect.DelegatingMethodAccessorImpl.invoke(DelegatingMethodAccessorImpl.java:43)\r\n	at java.lang.reflect.Method.invoke(Method.java:498)\r\n	at org.springframework.web.method.support.InvocableHandlerMethod.doInvoke(InvocableHandlerMethod.java:189)\r\n	at org.springframework.web.method.support.InvocableHandlerMethod.invokeForRequest(InvocableHandlerMethod.java:138)\r\n	at org.springframework.web.servlet.mvc.method.annotation.ServletInvocableHandlerMethod.invokeAndHandle(ServletInvocableHandlerMethod.java:102)\r\n	at org.springframework.web.servlet.mvc.method.annotation.RequestMappingHandlerAdapter.invokeHandlerMethod(RequestMappingHandlerAdapter.java:895)\r\n	at org.springframework.web.servlet.mvc.method.annotation.RequestMappingHandlerAdapter.handleInternal(RequestMappingHandlerAdapter.java:800)\r\n	at org.springframework.web.servlet.mvc.method.AbstractHandlerMethodAdapter.handle(AbstractHandlerMethodAdapter.java:87)\r\n	at org.springframework.web.servlet.DispatcherServlet.doDispatch(DispatcherServlet.java:1038)\r\n	at org.springframework.web.servlet.DispatcherServlet.doService(DispatcherServlet.java:942)\r\n	at org.springframework.web.servlet.FrameworkServlet.processRequest(FrameworkServlet.java:1005)\r\n	at org.springframework.web.servlet.FrameworkServlet.doPost(FrameworkServlet.java:908)\r\n	at javax.servlet.http.HttpServlet.service(HttpServlet.java:660)\r\n	at org.springframework.web.servlet.FrameworkServlet.service(FrameworkServlet.java:882)\r\n	at javax.servlet.http.HttpServlet.service(HttpServlet.java:741)\r\n	at org.apache.catalina.core.ApplicationFilterChain.internalDoFilter(ApplicationFilterChain.java:231)\r\n	at org.apache.catalina.core.ApplicationFilterChain.doFilter(ApplicationFilterChain.java:166)\r\n	at org.apache.tomcat.websocket.server.WsFilter.doFilter(WsFilter.java:53)\r\n	at org.apache.catalina.core.ApplicationFilterChain.internalDoFilter(ApplicationFilterChain.java:193)\r\n	at org.apache.catalina.core.ApplicationFilterChain.doFilter(ApplicationFilterChain.java:166)\r\n	at org.apache.shiro.web.servlet.ProxiedFilterChain.doFilter(ProxiedFilterChain.java:61)\r\n	at org.apache.shiro.web.servlet.AdviceFilter.executeChain(AdviceFilter.java:108)\r\n	at org.apache.shiro.web.servlet.AdviceFilter.doFilterInternal(AdviceFilter.java:137)\r\n	at org.apache.shiro.web.servlet.OncePerRequestFilter.doFilter(OncePerRequestFilter.java:125)\r\n	at org.apache.shiro.web.servlet.ProxiedFilterChain.doFilter(ProxiedFilterChain.java:66)\r\n	at org.apache.shiro.web.servlet.AbstractShiroFilter.executeChain(AbstractShiroFilter.java:449)\r\n	at org.apache.shiro.web.servlet.AbstractShiroFilterT1.call(AbstractShiroFilter.java:365)\r\n	at org.apache.shiro.subject.support.SubjectCallable.doCall(SubjectCallable.java:90)\r\n	at org.apache.shiro.subject.support.SubjectCallable.call(SubjectCallable.java:83)\r\n	at org.apache.shiro.subject.support.DelegatingSubject.execute(DelegatingSubject.java:387)\r\n	at org.apache.shiro.web.servlet.AbstractShiroFilter.doFilterInternal(AbstractShiroFilter.java:362)\r\n	at org.apache.shiro.web.servlet.OncePerRequestFilter.doFilter(OncePerRequestFilter.java:125)\r\n	at org.apache.catalina.core.ApplicationFilterChain.internalDoFilter(ApplicationFilterChain.java:193)\r\n	at org.apache.catalina.core.ApplicationFilterChain.doFilter(ApplicationFilterChain.java:166)\r\n	at cn.stylefeng.roses.core.xss.XssFilter.doFilter(XssFilter.java:31)\r\n	at org.apache.catalina.core.ApplicationFilterChain.internalDoFilter(ApplicationFilterChain.java:193)\r\n	at org.apache.catalina.core.ApplicationFilterChain.doFilter(ApplicationFilterChain.java:166)\r\n	at com.alibaba.druid.support.http.WebStatFilter.doFilter(WebStatFilter.java:123)\r\n	at org.apache.catalina.core.ApplicationFilterChain.internalDoFilter(ApplicationFilterChain.java:193)\r\n	at org.apache.catalina.core.ApplicationFilterChain.doFilter(ApplicationFilterChain.java:166)\r\n	at org.springframework.web.filter.RequestContextFilter.doFilterInternal(RequestContextFilter.java:99)\r\n	at org.springframework.web.filter.OncePerRequestFilter.doFilter(OncePerRequestFilter.java:107)\r\n	at org.apache.catalina.core.ApplicationFilterChain.internalDoFilter(ApplicationFilterChain.java:193)\r\n	at org.apache.catalina.core.ApplicationFilterChain.doFilter(ApplicationFilterChain.java:166)\r\n	at org.springframework.web.filter.FormContentFilter.doFilterInternal(FormContentFilter.java:92)\r\n	at org.springframework.web.filter.OncePerRequestFilter.doFilter(OncePerRequestFilter.java:107)\r\n	at org.apache.catalina.core.ApplicationFilterChain.internalDoFilter(ApplicationFilterChain.java:193)\r\n	at org.apache.catalina.core.ApplicationFilterChain.doFilter(ApplicationFilterChain.java:166)\r\n	at org.springframework.web.filter.HiddenHttpMethodFilter.doFilterInternal(HiddenHttpMethodFilter.java:93)\r\n	at org.springframework.web.filter.OncePerRequestFilter.doFilter(OncePerRequestFilter.java:107)\r\n	at org.apache.catalina.core.ApplicationFilterChain.internalDoFilter(ApplicationFilterChain.java:193)\r\n	at org.apache.catalina.core.ApplicationFilterChain.doFilter(ApplicationFilterChain.java:166)\r\n	at org.springframework.web.filter.CharacterEncodingFilter.doFilterInternal(CharacterEncodingFilter.java:200)\r\n	at org.springframework.web.filter.OncePerRequestFilter.doFilter(OncePerRequestFilter.java:107)\r\n	at org.apache.catalina.core.ApplicationFilterChain.internalDoFilter(ApplicationFilterChain.java:193)\r\n	at org.apache.catalina.core.ApplicationFilterChain.doFilter(ApplicationFilterChain.java:166)\r\n	at org.apache.catalina.core.StandardWrapperValve.invoke(StandardWrapperValve.java:199)\r\n	at org.apache.catalina.core.StandardContextValve.invoke(StandardContextValve.java:96)\r\n	at org.apache.catalina.authenticator.AuthenticatorBase.invoke(AuthenticatorBase.java:490)\r\n	at org.apache.catalina.core.StandardHostValve.invoke(StandardHostValve.java:139)\r\n	at org.apache.catalina.valves.ErrorReportValve.invoke(ErrorReportValve.java:92)\r\n	at org.apache.catalina.core.StandardEngineValve.invoke(StandardEngineValve.java:74)\r\n	at org.apache.catalina.connector.CoyoteAdapter.service(CoyoteAdapter.java:343)\r\n	at org.apache.coyote.http11.Http11Processor.service(Http11Processor.java:408)\r\n	at org.apache.coyote.AbstractProcessorLight.process(AbstractProcessorLight.java:66)\r\n	at org.apache.coyote.AbstractProtocolTConnectionHandler.process(AbstractProtocol.java:791)\r\n	at org.apache.tomcat.util.net.NioEndpointTSocketProcessor.doRun(NioEndpoint.java:1417)\r\n	at org.apache.tomcat.util.net.SocketProcessorBase.run(SocketProcessorBase.java:49)\r\n	at java.util.concurrent.ThreadPoolExecutor.runWorker(ThreadPoolExecutor.java:1142)\r\n	at java.util.concurrent.ThreadPoolExecutorTWorker.run(ThreadPoolExecutor.java:617)\r\n	at org.apache.tomcat.util.threads.TaskThreadTWrappingRunnable.run(TaskThread.java:61)\r\n	at java.lang.Thread.run(Thread.java:748)\r\nCaused by: com.mysql.cj.jdbc.exceptions.CommunicationsException: Communications link failure\n\nThe last packet successfully received from the server was 277,576 milliseconds ago.  The last packet sent successfully to the server was 19,165 milliseconds ago.\r\n	at com.mysql.cj.jdbc.exceptions.SQLError.createCommunicationsException(SQLError.java:172)\r\n	at com.mysql.cj.jdbc.exceptions.SQLExceptionsMapping.translateException(SQLExceptionsMapping.java:64)\r\n	at com.mysql.cj.jdbc.ConnectionImpl.isReadOnly(ConnectionImpl.java:1518)\r\n	at com.mysql.cj.jdbc.ConnectionImpl.isReadOnly(ConnectionImpl.java:1487)\r\n	at com.mysql.cj.jdbc.ClientPreparedStatement.checkReadOnlySafeStatement(ClientPreparedStatement.java:314)\r\n	at com.mysql.cj.jdbc.ClientPreparedStatement.execute(ClientPreparedStatement.java:334)\r\n	at com.alibaba.druid.filter.FilterChainImpl.preparedStatement_execute(FilterChainImpl.java:3409)\r\n	at com.alibaba.druid.filter.FilterEventAdapter.preparedStatement_execute(FilterEventAdapter.java:440)\r\n	at com.alibaba.druid.filter.FilterChainImpl.preparedStatement_execute(FilterChainImpl.java:3407)\r\n	at com.alibaba.druid.wall.WallFilter.preparedStatement_execute(WallFilter.java:620)\r\n	at com.alibaba.druid.filter.FilterChainImpl.preparedStatement_execute(FilterChainImpl.java:3407)\r\n	at com.alibaba.druid.proxy.jdbc.PreparedStatementProxyImpl.execute(PreparedStatementProxyImpl.java:167)\r\n	at com.alibaba.druid.pool.DruidPooledPreparedStatement.execute(DruidPooledPreparedStatement.java:498)\r\n	at sun.reflect.GeneratedMethodAccessor96.invoke(Unknown Source)\r\n	at sun.reflect.DelegatingMethodAccessorImpl.invoke(DelegatingMethodAccessorImpl.java:43)\r\n	at java.lang.reflect.Method.invoke(Method.java:498)\r\n	at org.apache.ibatis.logging.jdbc.PreparedStatementLogger.invoke(PreparedStatementLogger.java:59)\r\n	at com.sun.proxy.TProxy129.execute(Unknown Source)\r\n	at org.apache.ibatis.executor.statement.PreparedStatementHandler.update(PreparedStatementHandler.java:46)\r\n	at org.apache.ibatis.executor.statement.RoutingStatementHandler.update(RoutingStatementHandler.java:74)\r\n	at sun.reflect.GeneratedMethodAccessor122.invoke(Unknown Source)\r\n	at sun.reflect.DelegatingMethodAccessorImpl.invoke(DelegatingMethodAccessorImpl.java:43)\r\n	at java.lang.reflect.Method.invoke(Method.java:498)\r\n	at org.apache.ibatis.plugin.Plugin.invoke(Plugin.java:63)\r\n	at com.sun.proxy.TProxy127.update(Unknown Source)\r\n	at sun.reflect.GeneratedMethodAccessor122.invoke(Unknown Source)\r\n	at sun.reflect.DelegatingMethodAccessorImpl.invoke(DelegatingMethodAccessorImpl.java:43)\r\n	at java.lang.reflect.Method.invoke(Method.java:498)\r\n	at org.apache.ibatis.plugin.Plugin.invoke(Plugin.java:63)\r\n	at com.sun.proxy.TProxy127.update(Unknown Source)\r\n	at org.apache.ibatis.executor.SimpleExecutor.doUpdate(SimpleExecutor.java:50)\r\n	at org.apache.ibatis.executor.BaseExecutor.update(BaseExecutor.java:117)\r\n	at org.apache.ibatis.executor.CachingExecutor.update(CachingExecutor.java:76)\r\n	at sun.reflect.NativeMethodAccessorImpl.invoke0(Native Method)\r\n	at sun.reflect.NativeMethodAccessorImpl.invoke(NativeMethodAccessorImpl.java:62)\r\n	at sun.reflect.DelegatingMethodAccessorImpl.invoke(DelegatingMethodAccessorImpl.java:43)\r\n	at java.lang.reflect.Method.invoke(Method.java:498)\r\n	at org.apache.ibatis.plugin.Invocation.proceed(Invocation.java:49)\r\n	at com.baomidou.mybatisplus.extension.plugins.OptimisticLockerInterceptor.intercept(OptimisticLockerInterceptor.java:76)\r\n	at org.apache.ibatis.plugin.Plugin.invoke(Plugin.java:61)\r\n	at com.sun.proxy.TProxy126.update(Unknown Source)\r\n	at org.apache.ibatis.session.defaults.DefaultSqlSession.update(DefaultSqlSession.java:198)\r\n	at org.apache.ibatis.session.defaults.DefaultSqlSession.insert(DefaultSqlSession.java:185)\r\n	at sun.reflect.NativeMethodAccessorImpl.invoke0(Native Method)\r\n	at sun.reflect.NativeMethodAccessorImpl.invoke(NativeMethodAccessorImpl.java:62)\r\n	at sun.reflect.DelegatingMethodAccessorImpl.invoke(DelegatingMethodAccessorImpl.java:43)\r\n	at java.lang.reflect.Method.invoke(Method.java:498)\r\n	at org.mybatis.spring.SqlSessionTemplateTSqlSessionInterceptor.invoke(SqlSessionTemplate.java:433)\r\n	... 130 more\r\nCaused by: com.mysql.cj.exceptions.CJCommunicationsException: Communications link failure\n\nThe last packet successfully received from the server was 277,576 milliseconds ago.  The last packet sent successfully to the server was 19,165 milliseconds ago.\r\n	at sun.reflect.NativeConstructorAccessorImpl.newInstance0(Native Method)\r\n	at sun.reflect.NativeConstructorAccessorImpl.newInstance(NativeConstructorAccessorImpl.java:62)\r\n	at sun.reflect.DelegatingConstructorAccessorImpl.newInstance(DelegatingConstructorAccessorImpl.java:45)\r\n	at java.lang.reflect.Constructor.newInstance(Constructor.java:423)\r\n	at com.mysql.cj.exceptions.ExceptionFactory.createException(ExceptionFactory.java:59)\r\n	at com.mysql.cj.exceptions.ExceptionFactory.createException(ExceptionFactory.java:103)\r\n	at com.mysql.cj.exceptions.ExceptionFactory.createException(ExceptionFactory.java:149)\r\n	at com.mysql.cj.exceptions.ExceptionFactory.createCommunicationsException(ExceptionFactory.java:165)\r\n	at com.mysql.cj.protocol.a.NativeProtocol.readMessage(NativeProtocol.java:563)\r\n	at com.mysql.cj.protocol.a.NativeProtocol.checkErrorMessage(NativeProtocol.java:735)\r\n	at com.mysql.cj.protocol.a.NativeProtocol.sendCommand(NativeProtocol.java:674)\r\n	at com.mysql.cj.protocol.a.NativeProtocol.sendCommand(NativeProtocol.java:135)\r\n	at com.mysql.cj.NativeSession.sendCommand(NativeSession.java:319)\r\n	at com.mysql.cj.NativeSession.queryServerVariable(NativeSession.java:1099)\r\n	at com.mysql.cj.jdbc.ConnectionImpl.isReadOnly(ConnectionImpl.java:1505)\r\n	... 175 more\r\nCaused by: java.net.SocketTimeoutException: Read timed out\r\n	at java.net.SocketInputStream.socketRead0(Native Method)\r\n	at java.net.SocketInputStream.socketRead(SocketInputStream.java:116)\r\n	at java.net.SocketInputStream.read(SocketInputStream.java:171)\r\n	at java.net.SocketInputStream.read(SocketInputStream.java:141)\r\n	at com.mysql.cj.protocol.ReadAheadInputStream.fill(ReadAheadInputStream.java:107)\r\n	at com.mysql.cj.protocol.ReadAheadInputStream.readFromUnderlyingStreamIfNecessary(ReadAheadInputStream.java:150)\r\n	at com.mysql.cj.protocol.ReadAheadInputStream.read(ReadAheadInputStream.java:180)\r\n	at java.io.FilterInputStream.read(FilterInputStream.java:133)\r\n	at com.mysql.cj.protocol.FullReadInputStream.readFully(FullReadInputStream.java:64)\r\n	at com.mysql.cj.protocol.a.SimplePacketReader.readHeader(SimplePacketReader.java:63)\r\n	at com.mysql.cj.protocol.a.SimplePacketReader.readHeader(SimplePacketReader.java:45)\r\n	at com.mysql.cj.protocol.a.TimeTrackingPacketReader.readHeader(TimeTrackingPacketReader.java:52)\r\n	at com.mysql.cj.protocol.a.TimeTrackingPacketReader.readHeader(TimeTrackingPacketReader.java:41)\r\n	at com.mysql.cj.protocol.a.MultiPacketReader.readHeader(MultiPacketReader.java:54)\r\n	at com.mysql.cj.protocol.a.MultiPacketReader.readHeader(MultiPacketReader.java:44)\r\n	at com.mysql.cj.protocol.a.NativeProtocol.readMessage(NativeProtocol.java:557)\r\n	... 181 more\r\n');
INSERT INTO `sys_operation_log` VALUES (1105488863737950209, '业务日志', '添加目录', 1, 'cn.stylefeng.guns.modular.system.controller.FolderController', 'add', '2019-03-12 23:20:59', '成功', 'null=null');
INSERT INTO `sys_operation_log` VALUES (1105488867097587713, '业务日志', '添加目录', 1, 'cn.stylefeng.guns.modular.system.controller.FolderController', 'add', '2019-03-12 23:21:00', '成功', 'null=null');
INSERT INTO `sys_operation_log` VALUES (1105488869492535298, '业务日志', '添加目录', 1, 'cn.stylefeng.guns.modular.system.controller.FolderController', 'add', '2019-03-12 23:21:00', '成功', 'null=null');
INSERT INTO `sys_operation_log` VALUES (1105488871874899970, '业务日志', '添加目录', 1, 'cn.stylefeng.guns.modular.system.controller.FolderController', 'add', '2019-03-12 23:21:01', '成功', 'null=null');
INSERT INTO `sys_operation_log` VALUES (1105488874211127298, '业务日志', '添加目录', 1, 'cn.stylefeng.guns.modular.system.controller.FolderController', 'add', '2019-03-12 23:21:01', '成功', 'null=null');
INSERT INTO `sys_operation_log` VALUES (1105489173625712642, '业务日志', '添加目录', 1, 'cn.stylefeng.guns.modular.system.controller.FolderController', 'add', '2019-03-12 23:22:13', '成功', 'null=null');
INSERT INTO `sys_operation_log` VALUES (1105489364382658561, '业务日志', '添加目录', 1, 'cn.stylefeng.guns.modular.system.controller.FolderController', 'add', '2019-03-12 23:22:58', '成功', 'null=null');

-- ----------------------------
-- Table structure for sys_relation
-- ----------------------------
DROP TABLE IF EXISTS `sys_relation`;
CREATE TABLE `sys_relation`  (
  `RELATION_ID` bigint(20) NOT NULL COMMENT '主键',
  `MENU_ID` bigint(20) NULL DEFAULT NULL COMMENT '菜单id',
  `ROLE_ID` bigint(20) NULL DEFAULT NULL COMMENT '角色id',
  PRIMARY KEY (`RELATION_ID`) USING BTREE
) ENGINE = InnoDB CHARACTER SET = utf8 COLLATE = utf8_general_ci COMMENT = '角色和菜单关联表' ROW_FORMAT = Dynamic;

-- ----------------------------
-- Records of sys_relation
-- ----------------------------
INSERT INTO `sys_relation` VALUES (1071348922291826689, 105, 5);
INSERT INTO `sys_relation` VALUES (1071348922308603906, 106, 5);
INSERT INTO `sys_relation` VALUES (1071348922316992514, 107, 5);
INSERT INTO `sys_relation` VALUES (1071348922321186818, 108, 5);
INSERT INTO `sys_relation` VALUES (1071348922329575426, 109, 5);
INSERT INTO `sys_relation` VALUES (1071348922337964034, 110, 5);
INSERT INTO `sys_relation` VALUES (1071348922342158337, 111, 5);
INSERT INTO `sys_relation` VALUES (1071348922350546946, 112, 5);
INSERT INTO `sys_relation` VALUES (1071348922354741249, 113, 5);
INSERT INTO `sys_relation` VALUES (1071348922363129858, 165, 5);
INSERT INTO `sys_relation` VALUES (1071348922371518465, 166, 5);
INSERT INTO `sys_relation` VALUES (1071348922375712770, 167, 5);
INSERT INTO `sys_relation` VALUES (1071348922384101377, 114, 5);
INSERT INTO `sys_relation` VALUES (1071348922388295681, 115, 5);
INSERT INTO `sys_relation` VALUES (1071348922396684289, 116, 5);
INSERT INTO `sys_relation` VALUES (1071348922405072897, 117, 5);
INSERT INTO `sys_relation` VALUES (1071348922413461505, 118, 5);
INSERT INTO `sys_relation` VALUES (1071348922417655810, 162, 5);
INSERT INTO `sys_relation` VALUES (1071348922426044418, 163, 5);
INSERT INTO `sys_relation` VALUES (1071348922430238722, 164, 5);
INSERT INTO `sys_relation` VALUES (1071348922430238723, 119, 5);
INSERT INTO `sys_relation` VALUES (1071348922447015937, 120, 5);
INSERT INTO `sys_relation` VALUES (1071348922451210242, 121, 5);
INSERT INTO `sys_relation` VALUES (1071348922459598850, 122, 5);
INSERT INTO `sys_relation` VALUES (1071348922463793154, 150, 5);
INSERT INTO `sys_relation` VALUES (1071348922472181762, 151, 5);
INSERT INTO `sys_relation` VALUES (1071348922476376065, 128, 5);
INSERT INTO `sys_relation` VALUES (1071348922480570369, 134, 5);
INSERT INTO `sys_relation` VALUES (1071348922488958977, 158, 5);
INSERT INTO `sys_relation` VALUES (1071348922497347586, 159, 5);
INSERT INTO `sys_relation` VALUES (1071348922501541890, 130, 5);
INSERT INTO `sys_relation` VALUES (1071348922501541891, 131, 5);
INSERT INTO `sys_relation` VALUES (1071348922518319106, 135, 5);
INSERT INTO `sys_relation` VALUES (1071348922526707713, 136, 5);
INSERT INTO `sys_relation` VALUES (1071348922530902017, 137, 5);
INSERT INTO `sys_relation` VALUES (1071348922535096321, 152, 5);
INSERT INTO `sys_relation` VALUES (1071348922543484930, 153, 5);
INSERT INTO `sys_relation` VALUES (1071348922547679233, 154, 5);
INSERT INTO `sys_relation` VALUES (1071348922556067841, 132, 5);
INSERT INTO `sys_relation` VALUES (1071348922560262146, 138, 5);
INSERT INTO `sys_relation` VALUES (1071348922564456450, 139, 5);
INSERT INTO `sys_relation` VALUES (1071348922568650754, 140, 5);
INSERT INTO `sys_relation` VALUES (1071348922577039361, 155, 5);
INSERT INTO `sys_relation` VALUES (1071348922577039362, 156, 5);
INSERT INTO `sys_relation` VALUES (1071348922577039363, 157, 5);
INSERT INTO `sys_relation` VALUES (1071348922602205185, 133, 5);
INSERT INTO `sys_relation` VALUES (1071348922610593794, 160, 5);
INSERT INTO `sys_relation` VALUES (1071348922610593795, 161, 5);
INSERT INTO `sys_relation` VALUES (1071348922618982402, 141, 5);
INSERT INTO `sys_relation` VALUES (1071348922627371009, 142, 5);
INSERT INTO `sys_relation` VALUES (1071348922631565313, 143, 5);
INSERT INTO `sys_relation` VALUES (1071348922639953922, 144, 5);
INSERT INTO `sys_relation` VALUES (1105107145143119873, 105, 1);
INSERT INTO `sys_relation` VALUES (1105107145461886978, 106, 1);
INSERT INTO `sys_relation` VALUES (1105107145772265474, 107, 1);
INSERT INTO `sys_relation` VALUES (1105107146099421186, 108, 1);
INSERT INTO `sys_relation` VALUES (1105107146413993986, 109, 1);
INSERT INTO `sys_relation` VALUES (1105107146741149697, 110, 1);
INSERT INTO `sys_relation` VALUES (1105107147064111105, 111, 1);
INSERT INTO `sys_relation` VALUES (1105107147370295298, 112, 1);
INSERT INTO `sys_relation` VALUES (1105107147684868098, 113, 1);
INSERT INTO `sys_relation` VALUES (1105107147999440897, 165, 1);
INSERT INTO `sys_relation` VALUES (1105107148314013698, 166, 1);
INSERT INTO `sys_relation` VALUES (1105107148620197889, 167, 1);
INSERT INTO `sys_relation` VALUES (1105107148943159298, 114, 1);
INSERT INTO `sys_relation` VALUES (1105107149261926402, 115, 1);
INSERT INTO `sys_relation` VALUES (1105107149576499202, 116, 1);
INSERT INTO `sys_relation` VALUES (1105107149882683394, 117, 1);
INSERT INTO `sys_relation` VALUES (1105107150201450498, 118, 1);
INSERT INTO `sys_relation` VALUES (1105107150524411905, 162, 1);
INSERT INTO `sys_relation` VALUES (1105107150847373313, 163, 1);
INSERT INTO `sys_relation` VALUES (1105107151170334721, 164, 1);
INSERT INTO `sys_relation` VALUES (1105107151480713217, 119, 1);
INSERT INTO `sys_relation` VALUES (1105107151795286017, 120, 1);
INSERT INTO `sys_relation` VALUES (1105107152118247426, 121, 1);
INSERT INTO `sys_relation` VALUES (1105107152437014529, 122, 1);
INSERT INTO `sys_relation` VALUES (1105107152764170241, 150, 1);
INSERT INTO `sys_relation` VALUES (1105107153074548737, 151, 1);
INSERT INTO `sys_relation` VALUES (1105107153384927233, 128, 1);
INSERT INTO `sys_relation` VALUES (1105107153712082946, 134, 1);
INSERT INTO `sys_relation` VALUES (1105107154039238657, 158, 1);
INSERT INTO `sys_relation` VALUES (1105107154349617154, 159, 1);
INSERT INTO `sys_relation` VALUES (1105107154672578561, 130, 1);
INSERT INTO `sys_relation` VALUES (1105107155096203266, 131, 1);
INSERT INTO `sys_relation` VALUES (1105107155427553282, 135, 1);
INSERT INTO `sys_relation` VALUES (1105107155737931777, 136, 1);
INSERT INTO `sys_relation` VALUES (1105107156056698881, 137, 1);
INSERT INTO `sys_relation` VALUES (1105107156379660289, 152, 1);
INSERT INTO `sys_relation` VALUES (1105107156698427394, 153, 1);
INSERT INTO `sys_relation` VALUES (1105107157013000193, 154, 1);
INSERT INTO `sys_relation` VALUES (1105107157335961601, 132, 1);
INSERT INTO `sys_relation` VALUES (1105107157654728705, 138, 1);
INSERT INTO `sys_relation` VALUES (1105107157969301505, 139, 1);
INSERT INTO `sys_relation` VALUES (1105107158296457217, 140, 1);
INSERT INTO `sys_relation` VALUES (1105107158623612930, 155, 1);
INSERT INTO `sys_relation` VALUES (1105107158933991426, 156, 1);
INSERT INTO `sys_relation` VALUES (1105107159303090178, 157, 1);
INSERT INTO `sys_relation` VALUES (1105107159613468673, 133, 1);
INSERT INTO `sys_relation` VALUES (1105107159936430082, 160, 1);
INSERT INTO `sys_relation` VALUES (1105107160263585793, 161, 1);
INSERT INTO `sys_relation` VALUES (1105107160582352898, 141, 1);
INSERT INTO `sys_relation` VALUES (1105107160888537090, 142, 1);
INSERT INTO `sys_relation` VALUES (1105107161207304193, 143, 1);
INSERT INTO `sys_relation` VALUES (1105107161521876993, 144, 1);
INSERT INTO `sys_relation` VALUES (1105107161840644097, 1105104261240352770, 1);
INSERT INTO `sys_relation` VALUES (1105107162163605506, 1105104943288709121, 1);
INSERT INTO `sys_relation` VALUES (1105107162473984002, 1105106537166172162, 1);
INSERT INTO `sys_relation` VALUES (1105107162788556801, 1105106975676461058, 1);
INSERT INTO `sys_relation` VALUES (1105107163107323905, 171, 1);
INSERT INTO `sys_relation` VALUES (1105107163417702401, 149, 1);
INSERT INTO `sys_relation` VALUES (1105107163736469505, 172, 1);
INSERT INTO `sys_relation` VALUES (1105107164063625218, 145, 1);

-- ----------------------------
-- Table structure for sys_role
-- ----------------------------
DROP TABLE IF EXISTS `sys_role`;
CREATE TABLE `sys_role`  (
  `ROLE_ID` bigint(20) NOT NULL AUTO_INCREMENT COMMENT '主键id',
  `PID` bigint(20) NULL DEFAULT NULL COMMENT '父角色id',
  `NAME` varchar(255) CHARACTER SET utf8 COLLATE utf8_general_ci NULL DEFAULT NULL COMMENT '角色名称',
  `DESCRIPTION` varchar(255) CHARACTER SET utf8 COLLATE utf8_general_ci NULL DEFAULT NULL COMMENT '提示',
  `SORT` int(11) NULL DEFAULT NULL COMMENT '序号',
  `VERSION` int(11) NULL DEFAULT NULL COMMENT '乐观锁',
  `CREATE_TIME` datetime(0) NULL DEFAULT NULL COMMENT '创建时间',
  `UPDATE_TIME` datetime(0) NULL DEFAULT NULL COMMENT '修改时间',
  `CREATE_USER` bigint(20) NULL DEFAULT NULL COMMENT '创建用户',
  `UPDATE_USER` bigint(20) NULL DEFAULT NULL COMMENT '修改用户',
  PRIMARY KEY (`ROLE_ID`) USING BTREE
) ENGINE = InnoDB AUTO_INCREMENT = 6 CHARACTER SET = utf8 COLLATE = utf8_general_ci COMMENT = '角色表' ROW_FORMAT = Dynamic;

-- ----------------------------
-- Records of sys_role
-- ----------------------------
INSERT INTO `sys_role` VALUES (1, 0, '超级管理员', 'administrator', 1, 1, NULL, NULL, NULL, NULL);
INSERT INTO `sys_role` VALUES (5, 1, '临时', 'temp', 2, NULL, NULL, NULL, NULL, NULL);

-- ----------------------------
-- Table structure for sys_user
-- ----------------------------
DROP TABLE IF EXISTS `sys_user`;
CREATE TABLE `sys_user`  (
  `USER_ID` bigint(20) NOT NULL COMMENT '主键id',
  `AVATAR` varchar(255) CHARACTER SET utf8 COLLATE utf8_general_ci NULL DEFAULT NULL COMMENT '头像',
  `ACCOUNT` varchar(45) CHARACTER SET utf8 COLLATE utf8_general_ci NULL DEFAULT NULL COMMENT '账号',
  `PASSWORD` varchar(45) CHARACTER SET utf8 COLLATE utf8_general_ci NULL DEFAULT NULL COMMENT '密码',
  `SALT` varchar(45) CHARACTER SET utf8 COLLATE utf8_general_ci NULL DEFAULT NULL COMMENT 'md5密码盐',
  `NAME` varchar(45) CHARACTER SET utf8 COLLATE utf8_general_ci NULL DEFAULT NULL COMMENT '名字',
  `BIRTHDAY` datetime(0) NULL DEFAULT NULL COMMENT '生日',
  `SEX` varchar(32) CHARACTER SET utf8 COLLATE utf8_general_ci NULL DEFAULT NULL COMMENT '性别(字典)',
  `EMAIL` varchar(45) CHARACTER SET utf8 COLLATE utf8_general_ci NULL DEFAULT NULL COMMENT '电子邮件',
  `PHONE` varchar(45) CHARACTER SET utf8 COLLATE utf8_general_ci NULL DEFAULT NULL COMMENT '电话',
  `ROLE_ID` varchar(255) CHARACTER SET utf8 COLLATE utf8_general_ci NULL DEFAULT NULL COMMENT '角色id(多个逗号隔开)',
  `DEPT_ID` bigint(20) NULL DEFAULT NULL COMMENT '部门id(多个逗号隔开)',
  `STATUS` varchar(32) CHARACTER SET utf8 COLLATE utf8_general_ci NULL DEFAULT NULL COMMENT '状态(字典)',
  `CREATE_TIME` datetime(0) NULL DEFAULT NULL COMMENT '创建时间',
  `CREATE_USER` bigint(20) NULL DEFAULT NULL COMMENT '创建人',
  `UPDATE_TIME` datetime(0) NULL DEFAULT NULL COMMENT '更新时间',
  `UPDATE_USER` bigint(20) NULL DEFAULT NULL COMMENT '更新人',
  `VERSION` int(11) NULL DEFAULT NULL COMMENT '乐观锁',
  PRIMARY KEY (`USER_ID`) USING BTREE
) ENGINE = InnoDB CHARACTER SET = utf8 COLLATE = utf8_general_ci COMMENT = '管理员表' ROW_FORMAT = Dynamic;

-- ----------------------------
-- Records of sys_user
-- ----------------------------
INSERT INTO `sys_user` VALUES (1, '1', 'admin', '1d6b1208c7d151d335790276a18e3d99', 'q6taw', 'stylefeng', '2018-11-16 00:00:00', 'M', 'sn93@qq.com', '18200000000', '1', 27, 'ENABLE', '2016-01-29 08:49:53', NULL, '2018-12-28 22:52:24', 24, 25);

SET FOREIGN_KEY_CHECKS = 1;
